id,grid_cell,acquired,satellite_id,sun_elevation,pixel_resolution,rows,epsg_code,cloud_cover,ground_control,provider,anomalous_pixels,columns,catalog_id,updated,black_fill,sun_azimuth,origin_y,origin_x,view_angle,strip_id,usable_data,item_type,gsd,published
20171008_181404_1354107_RapidEye-2,1354107,2017-10-08T18:14:04Z,RapidEye-2,50.16835,5,5000,32613,0,True,rapideye,0.13,5000,33786022,2017-10-09T16:45:53Z,0.13,163.96039,3624500,307500,6.77446,33785983,0.87,REOrthoTile,6.5,2017-10-09T16:45:53Z
20170917_180657_1354107_RapidEye-5,1354107,2017-09-17T18:06:57Z,RapidEye-5,56.8829,5,5000,32613,0,True,rapideye,0,5000,33448824,2017-09-18T15:23:42Z,0,154.20556,3624500,307500,3.49999,33448775,1,REOrthoTile,6.5,2017-09-18T15:23:42Z
20090708_184718_1354107_RapidEye-2,1354107,2009-07-08T18:47:18Z,RapidEye-2,78.46098,5,5000,32613,0,True,rapideye,0,5000,1263368,2017-08-27T20:18:28Z,0,149.13803,3624500,307500,-13.02246,1263293,1,REOrthoTile,6.5,2017-08-27T20:18:28Z
20090830_183816_1354107_RapidEye-3,1354107,2009-08-30T18:38:16Z,RapidEye-3,65.30493,5,5000,32613,0,True,rapideye,0,5000,1587601,2017-08-27T15:33:04Z,0,162.09263,3624500,307500,3.45099,1587541,1,REOrthoTile,6.5,2017-08-27T15:33:04Z
20091009_183749_1354107_RapidEye-5,1354107,2009-10-09T18:37:49Z,RapidEye-5,50.81072,5,5000,32613,0,True,rapideye,0,5000,1792119,2017-08-27T09:26:04Z,0,173.31638,3624500,307500,3.5155,1792046,1,REOrthoTile,6.5,2017-08-27T09:26:04Z
20090930_184831_1354107_RapidEye-5,1354107,2009-09-30T18:48:31Z,RapidEye-5,54.41109,5,5000,32613,0,True,rapideye,0,5000,1747676,2017-08-27T08:24:48Z,0,176.14772,3624500,307500,-16.32828,1747606,1,REOrthoTile,6.5,2017-08-27T08:24:48Z
20091106_184435_1354107_RapidEye-4,1354107,2009-11-06T18:44:35Z,RapidEye-4,41.33323,5,5000,32613,0,True,rapideye,0.78,5000,1982010,2017-08-27T04:05:30Z,0.78,177.852,3624500,307500,-13.01845,1981937,0.22,REOrthoTile,6.5,2017-08-27T04:05:30Z
20091120_183844_1354107_RapidEye-4,1354107,2009-11-20T18:38:44Z,RapidEye-4,37.58549,5,5000,32613,0,True,rapideye,0,5000,2084205,2017-08-27T03:24:19Z,0,175.65241,3624500,307500,3.5707,2084148,1,REOrthoTile,6.5,2017-08-27T03:24:19Z
20091127_184729_1354107_RapidEye-1,1354107,2009-11-27T18:47:29Z,RapidEye-1,36.26286,5,5000,32613,0,True,rapideye,0.66,5000,2131493,2017-08-26T23:59:16Z,0.66,177.70484,3624500,307500,-9.98003,2131436,0.34,REOrthoTile,6.5,2017-08-26T23:59:16Z
20091213_184155_1354107_RapidEye-3,1354107,2009-12-13T18:41:55Z,RapidEye-3,34.14685,5,5000,32613,0,True,rapideye,0,5000,2216124,2017-08-26T23:22:49Z,0,174.40999,3624500,307500,0.3753,2216065,1,REOrthoTile,6.5,2017-08-26T23:22:49Z
20100110_185106_1354107_RapidEye-2,1354107,2010-01-10T18:51:06Z,RapidEye-2,35.35219,5,5000,32613,0,True,rapideye,0.62,5000,2368016,2017-08-26T20:38:38Z,0.62,173.12095,3624500,307500,-16.17237,2367944,0.38,REOrthoTile,6.5,2017-08-26T20:38:38Z
20091224_183312_1354107_RapidEye-5,1354107,2009-12-24T18:33:12Z,RapidEye-5,33.54695,5,5000,32613,0,True,rapideye,0,5000,2278455,2017-08-26T19:57:46Z,0,170.56667,3624500,307500,16.09356,2278396,1,REOrthoTile,6.5,2017-08-26T19:57:46Z
20100303_184219_1354107_RapidEye-2,1354107,2010-03-03T18:42:19Z,RapidEye-2,49.90394,5,5000,32613,0,True,rapideye,0,5000,2715963,2017-08-26T12:42:16Z,0,165.5612,3624500,307500,6.92418,2715899,1,REOrthoTile,6.5,2017-08-26T12:42:16Z
20100506_184327_1354107_RapidEye-4,1354107,2010-05-06T18:43:27Z,RapidEye-4,73.5198,5,5000,32613,0,True,rapideye,0.58,5000,3211871,2017-08-26T03:09:03Z,0.58,162.16943,3624500,307500,0.23275,3211821,0.42,REOrthoTile,6.5,2017-08-26T03:09:03Z
20100718_185532_1354107_RapidEye-5,1354107,2010-07-18T18:55:32Z,RapidEye-5,77.77828,5,5000,32613,0,True,rapideye,0,5000,3767414,2017-08-25T11:44:25Z,0,159.3216,3624500,307500,-19.85978,3767373,1,REOrthoTile,6.5,2017-08-25T11:44:25Z
20100806_185439_1354107_RapidEye-5,1354107,2010-08-06T18:54:39Z,RapidEye-5,73.54768,5,5000,32613,0,True,rapideye,0.48,5000,3943573,2017-08-25T05:44:39Z,0.48,163.83944,3624500,307500,-19.84849,3943492,0.52,REOrthoTile,6.5,2017-08-25T05:44:39Z
20101012_184403_1354107_RapidEye-1,1354107,2010-10-12T18:44:03Z,RapidEye-1,49.90715,5,5000,32613,0,True,rapideye,0,5000,4561842,2017-08-24T16:04:42Z,0,176.13542,3624500,307500,13.18342,4561736,1,REOrthoTile,6.5,2017-08-24T16:04:42Z
20101028_185854_1354107_RapidEye-2,1354107,2010-10-28T18:58:54Z,RapidEye-2,44.23925,5,5000,32613,0,True,rapideye,0,5000,4661381,2017-08-24T08:25:51Z,0,182.53717,3624500,307500,-16.11695,4661281,1,REOrthoTile,6.5,2017-08-24T08:25:51Z
20101027_185818_1354107_RapidEye-1,1354107,2010-10-27T18:58:18Z,RapidEye-1,44.58012,5,5000,32613,0,True,rapideye,0,5000,4650885,2017-08-24T07:51:21Z,0,182.32639,3624500,307500,-12.61101,4650843,1,REOrthoTile,6.5,2017-08-24T07:51:21Z
20101123_184256_1354107_RapidEye-5,1354107,2010-11-23T18:42:56Z,RapidEye-5,37.04421,5,5000,32613,0,True,rapideye,0,5000,4869137,2017-08-24T02:48:23Z,0,176.72014,3624500,307500,10.21654,4869024,1,REOrthoTile,6.5,2017-08-24T02:48:23Z
20101128_184736_1354107_RapidEye-5,1354107,2010-11-28T18:47:36Z,RapidEye-5,36.12905,5,5000,32613,0,True,rapideye,0,5000,4906298,2017-08-23T22:45:18Z,0,177.67479,3624500,307500,3.78455,4906200,1,REOrthoTile,6.5,2017-08-23T22:45:18Z
20101209_190027_1354107_RapidEye-1,1354107,2010-12-09T19:00:27Z,RapidEye-1,34.68489,5,5000,32613,0,True,rapideye,0,5000,4996678,2017-08-23T21:37:18Z,0,180.10371,3624500,307500,-16.2679,4996602,1,REOrthoTile,6.5,2017-08-23T21:37:18Z
20101214_184535_1354107_RapidEye-2,1354107,2010-12-14T18:45:35Z,RapidEye-2,34.16468,5,5000,32613,0,True,rapideye,0,5000,5034123,2017-08-23T21:12:26Z,0,175.33086,3624500,307500,10.3418,5034045,1,REOrthoTile,6.5,2017-08-23T21:12:26Z
20101221_184919_1354107_RapidEye-4,1354107,2010-12-21T18:49:19Z,RapidEye-4,33.96735,5,5000,32613,0,True,rapideye,0,5000,5084549,2017-08-23T20:41:30Z,0,175.43042,3624500,307500,-3.05693,5084441,1,REOrthoTile,6.5,2017-08-23T20:41:30Z
20101218_184948_1354107_RapidEye-1,1354107,2010-12-18T18:49:48Z,RapidEye-1,34.03863,5,5000,32613,0,True,rapideye,0.83,5000,5058941,2017-08-23T20:39:47Z,0.83,175.97411,3624500,307500,0.10466,5058853,0.17,REOrthoTile,6.5,2017-08-23T20:39:47Z
20110122_184204_1354107_RapidEye-3,1354107,2011-01-22T18:42:04Z,RapidEye-3,37.16497,5,5000,32613,0,True,rapideye,0,5000,5365602,2017-08-23T10:51:27Z,0,169.00023,3624500,307500,13.45638,5365536,1,REOrthoTile,6.5,2017-08-23T10:51:27Z
20110127_184652_1354107_RapidEye-3,1354107,2011-01-27T18:46:52Z,RapidEye-3,38.51431,5,5000,32613,0,True,rapideye,0,5000,5414341,2017-08-23T10:02:20Z,0,169.81654,3624500,307500,3.48865,5414266,1,REOrthoTile,6.5,2017-08-23T10:02:20Z
20110304_184523_1354107_RapidEye-1,1354107,2011-03-04T18:45:23Z,RapidEye-1,50.35341,5,5000,32613,0,True,rapideye,0,5000,7067975,2017-08-23T02:35:09Z,0,166.69318,3624500,307500,16.43146,7067877,1,REOrthoTile,6.5,2017-08-23T02:35:09Z
20110404_185302_1354107_RapidEye-3,1354107,2011-04-04T18:53:02Z,RapidEye-3,63.00407,5,5000,32613,0,True,rapideye,0,5000,5979331,2017-08-22T19:54:54Z,0,170.30908,3624500,307500,-6.45481,5979274,1,REOrthoTile,6.5,2017-08-22T19:54:54Z
20110627_185924_1354107_RapidEye-1,1354107,2011-06-27T18:59:24Z,RapidEye-1,80.52083,5,5000,32613,0,True,rapideye,0,5000,6767333,2017-08-21T20:42:53Z,0,164.04406,3624500,307500,-12.54723,6767288,1,REOrthoTile,6.5,2017-08-21T20:42:53Z
20110823_185553_1354107_RapidEye-1,1354107,2011-08-23T18:55:53Z,RapidEye-1,68.65013,5,5000,32613,0,True,rapideye,0,5000,7181065,2017-08-21T05:03:49Z,0,170.26299,3624500,307500,-3.00906,7180974,1,REOrthoTile,6.5,2017-08-21T05:03:49Z
20111104_184353_1354107_RapidEye-3,1354107,2011-11-04T18:43:53Z,RapidEye-3,42.07822,5,5000,32613,0,True,rapideye,0,5000,7856440,2017-08-20T07:04:44Z,0,177.61716,3624500,307500,16.83377,7856322,1,REOrthoTile,6.5,2017-08-20T07:04:44Z
20111128_184702_1354107_RapidEye-3,1354107,2011-11-28T18:47:02Z,RapidEye-3,36.16711,5,5000,32613,0,True,rapideye,0,5000,8044559,2017-08-20T01:16:15Z,0,177.5326,3624500,307500,10.23654,8044456,1,REOrthoTile,6.5,2017-08-20T01:16:15Z
20120116_185358_1354107_RapidEye-4,1354107,2012-01-16T18:53:58Z,RapidEye-4,36.31431,5,5000,32613,0,True,rapideye,0,5000,8412768,2017-08-19T19:45:15Z,0,173.22964,3624500,307500,-6.34132,8412676,1,REOrthoTile,6.5,2017-08-19T19:45:15Z
20120202_185518_1354107_RapidEye-2,1354107,2012-02-02T18:55:18Z,RapidEye-2,40.3343,5,5000,32613,0,True,rapideye,0.52,5000,8539064,2017-08-19T09:08:55Z,0.52,171.82385,3624500,307500,-2.89179,8538956,0.48,REOrthoTile,6.5,2017-08-19T09:08:55Z
20120215_184830_1354107_RapidEye-1,1354107,2012-02-15T18:48:30Z,RapidEye-1,44.16213,5,5000,32613,0,True,rapideye,0,5000,8631518,2017-08-19T05:00:38Z,0,168.65004,3624500,307500,16.39637,8631466,1,REOrthoTile,6.5,2017-08-19T05:00:38Z
20120228_185743_1354107_RapidEye-4,1354107,2012-02-28T18:57:43Z,RapidEye-4,49.21607,5,5000,32613,0,True,rapideye,0,5000,8730294,2017-08-19T02:03:11Z,0,171.44702,3624500,307500,-13.06622,8730238,1,REOrthoTile,6.5,2017-08-19T02:03:11Z
20120315_185708_1354107_RapidEye-1,1354107,2012-03-15T18:57:08Z,RapidEye-1,55.49135,5,5000,32613,0,True,rapideye,0,5000,8858926,2017-08-18T21:06:19Z,0,171.49075,3624500,307500,-3.1206,8858888,1,REOrthoTile,6.5,2017-08-18T21:06:19Z
20120419_184828_1354107_RapidEye-3,1354107,2012-04-19T18:48:28Z,RapidEye-3,68.64029,5,5000,32613,0,True,rapideye,0,5000,9120544,2017-08-18T11:37:14Z,0,167.70835,3624500,307500,6.96805,9120432,1,REOrthoTile,6.5,2017-08-18T11:37:14Z
20120523_190103_1354107_RapidEye-3,1354107,2012-05-23T19:01:03Z,RapidEye-3,78.2817,5,5000,32613,0,True,rapideye,0,5000,9537864,2017-08-18T00:59:09Z,0,176.07784,3624500,307500,-16.28207,9537731,1,REOrthoTile,6.5,2017-08-18T00:59:09Z
20120601_185040_1354107_RapidEye-3,1354107,2012-06-01T18:50:40Z,RapidEye-3,79.20616,5,5000,32613,0,True,rapideye,0,5000,9572151,2017-08-18T00:51:09Z,0,161.22737,3624500,307500,3.59892,9572044,1,REOrthoTile,6.5,2017-08-18T00:51:09Z
20120629_190148_1354107_RapidEye-2,1354107,2012-06-29T19:01:48Z,RapidEye-2,80.4816,5,5000,32613,0,True,rapideye,0,5000,9757853,2017-08-17T16:28:10Z,0,166.73409,3624500,307500,-13.07294,9757770,1,REOrthoTile,6.5,2017-08-17T16:28:10Z
20120820_185246_1354107_RapidEye-2,1354107,2012-08-20T18:52:46Z,RapidEye-2,69.24349,5,5000,32613,0,True,rapideye,0,5000,10233928,2017-08-16T19:11:50Z,0,167.43322,3624500,307500,6.83538,10233843,1,REOrthoTile,6.5,2017-08-16T19:11:50Z
20120930_184946_1354107_RapidEye-5,1354107,2012-09-30T18:49:46Z,RapidEye-5,54.32246,5,5000,32613,0,True,rapideye,0,5000,11313685,2017-08-16T01:15:42Z,0,176.73393,3624500,307500,6.78742,11313590,1,REOrthoTile,6.5,2017-08-16T01:15:42Z
20121026_185813_1354107_RapidEye-2,1354107,2012-10-26T18:58:13Z,RapidEye-2,44.74502,5,5000,32613,0,True,rapideye,0.01,5000,10818484,2017-08-15T20:08:31Z,0.01,182.28524,3624500,307500,-6.26774,10818432,0.99,REOrthoTile,6.5,2017-08-15T20:08:31Z
20121116_185449_1354107_RapidEye-4,1354107,2012-11-16T18:54:49Z,RapidEye-4,38.56826,5,5000,32613,0,True,rapideye,0,5000,10955060,2017-08-15T18:12:56Z,0,180.68193,3624500,307500,-6.3688,10954976,1,REOrthoTile,6.5,2017-08-15T18:12:56Z
20121202_185357_1354107_RapidEye-1,1354107,2012-12-02T18:53:57Z,RapidEye-1,35.44619,5,5000,32613,0,True,rapideye,0,5000,11103855,2017-08-15T13:58:24Z,0,179.03646,3624500,307500,3.48898,11103829,1,REOrthoTile,6.5,2017-08-15T13:58:24Z
20121123_184600_1354107_RapidEye-2,1354107,2012-11-23T18:46:00Z,RapidEye-2,36.96975,5,5000,32613,0,True,rapideye,0,5000,10990104,2017-08-15T12:44:43Z,0,177.58185,3624500,307500,19.78888,10990017,1,REOrthoTile,6.5,2017-08-15T12:44:43Z
20121211_190055_1354107_RapidEye-5,1354107,2012-12-11T19:00:55Z,RapidEye-5,34.4721,5,5000,32613,0,True,rapideye,0,5000,11204949,2017-08-15T07:11:38Z,0,179.91125,3624500,307500,-17.99508,11204920,1,REOrthoTile,6.5,2017-08-15T07:11:38Z
20121218_184602_1354107_RapidEye-3,1354107,2012-12-18T18:46:02Z,RapidEye-3,33.95948,5,5000,32613,0,True,rapideye,0.12,5000,11204814,2017-08-15T07:02:37Z,0.12,174.86664,3624500,307500,10.23929,11204789,0.88,REOrthoTile,6.5,2017-08-15T07:02:37Z
20130125_190457_1354107_RapidEye-2,1354107,2013-01-25T19:04:57Z,RapidEye-2,38.64026,5,5000,32613,0,True,rapideye,0,5000,11679122,2017-08-14T16:13:34Z,0,175.41338,3624500,307500,-15.62628,11679037,1,REOrthoTile,6.5,2017-08-14T16:13:34Z
20130201_184953_1354107_RapidEye-5,1354107,2013-02-01T18:49:53Z,RapidEye-5,40.08582,5,5000,32613,0,True,rapideye,0,5000,11732023,2017-08-14T09:46:14Z,0,170.16326,3624500,307500,6.67277,11731929,1,REOrthoTile,6.5,2017-08-14T09:46:14Z
20130130_184635_1354107_RapidEye-3,1354107,2013-01-30T18:46:35Z,RapidEye-3,39.41267,5,5000,32613,0,True,rapideye,0,5000,11718066,2017-08-14T09:46:03Z,0,169.35218,3624500,307500,10.19067,11718041,1,REOrthoTile,6.5,2017-08-14T09:46:03Z
20130204_185143_1354107_RapidEye-3,1354107,2013-02-04T18:51:43Z,RapidEye-3,41.01615,5,5000,32613,0,True,rapideye,0.67,5000,11766465,2017-08-14T08:22:30Z,0.67,170.46228,3624500,307500,-3.06641,11766406,0.33,REOrthoTile,6.5,2017-08-14T08:22:30Z
20130316_185532_1354107_RapidEye-5,1354107,2013-03-16T18:55:32Z,RapidEye-5,55.74326,5,5000,32613,0,True,rapideye,0.16,5000,12145242,2017-08-13T18:08:56Z,0.16,170.81862,3624500,307500,-9.65932,12145193,0.84,REOrthoTile,6.5,2017-08-13T18:08:56Z
20130409_190006_1354107_RapidEye-5,1354107,2013-04-09T19:00:06Z,RapidEye-5,65.30533,5,5000,32613,0,True,rapideye,0,5000,12360132,2017-08-13T11:27:04Z,0,174.6538,3624500,307500,-16.24936,12360024,1,REOrthoTile,6.5,2017-08-13T11:27:04Z
20130417_184559_1354107_RapidEye-4,1354107,2013-04-17T18:45:59Z,RapidEye-4,67.73542,5,5000,32613,0,True,rapideye,0,5000,12432798,2017-08-13T06:08:50Z,0,166.17904,3624500,307500,10.12941,12432689,1,REOrthoTile,6.5,2017-08-13T06:08:50Z
20130514_185811_1354107_RapidEye-2,1354107,2013-05-14T18:58:11Z,RapidEye-2,76.28512,5,5000,32613,0,True,rapideye,0.1,5000,12724263,2017-08-12T16:46:15Z,0.1,174.18945,3624500,307500,-6.27549,12724226,0.9,REOrthoTile,6.5,2017-08-12T16:46:15Z
20130519_190251_1354107_RapidEye-2,1354107,2013-05-19T19:02:51Z,RapidEye-2,77.46408,5,5000,32613,0,True,rapideye,0,5000,12796362,2017-08-12T15:00:25Z,0,178.59251,3624500,307500,-13.0914,12796310,1,REOrthoTile,6.5,2017-08-12T15:00:25Z
20130603_185246_1354107_RapidEye-3,1354107,2013-06-03T18:52:46Z,RapidEye-3,79.53166,5,5000,32613,0,True,rapideye,0,5000,12935654,2017-08-12T07:25:37Z,0,163.06527,3624500,307500,-3.18214,12935614,1,REOrthoTile,6.5,2017-08-12T07:25:37Z
20130729_185346_1354107_RapidEye-2,1354107,2013-07-29T18:53:46Z,RapidEye-2,75.38014,5,5000,32613,0,True,rapideye,0,5000,13430901,2017-08-10T16:22:25Z,0,160.55036,3624500,307500,3.51654,13430775,1,REOrthoTile,6.5,2017-08-10T16:22:25Z
20131018_185345_1354107_RapidEye-2,1354107,2013-10-18T18:53:45Z,RapidEye-2,47.66345,5,5000,32613,0,True,rapideye,0.01,5000,14334545,2017-08-05T12:45:49Z,0.01,180.37714,3624500,307500,0.3559,14334449,0.99,REOrthoTile,6.5,2017-08-05T08:41:51Z
20131102_184325_1354107_RapidEye-3,1354107,2013-11-02T18:43:25Z,RapidEye-3,42.53483,5,5000,32613,0,True,rapideye,0,5000,14497402,2017-07-28T08:15:45Z,0,177.44183,3624500,307500,13.52277,14497287,1,REOrthoTile,6.5,2017-07-28T08:15:45Z
20131204_185908_1354107_RapidEye-1,1354107,2013-12-04T18:59:08Z,RapidEye-1,35.21328,5,5000,32613,0,True,rapideye,0.44,5000,14814087,2017-07-25T09:32:09Z,0.44,180.30723,3624500,307500,-12.9495,14814026,0.56,REOrthoTile,6.5,2017-07-25T09:32:09Z
20131217_184922_1354107_RapidEye-5,1354107,2013-12-17T18:49:22Z,RapidEye-5,34.05804,5,5000,32613,0,True,rapideye,0,5000,14939957,2017-07-24T16:57:44Z,0,175.94768,3624500,307500,2.602,14939908,1,REOrthoTile,6.5,2017-07-24T16:57:44Z
20131218_185302_1354107_RapidEye-1,1354107,2013-12-18T18:53:02Z,RapidEye-1,34.07338,5,5000,32613,0,True,rapideye,0.01,5000,14962800,2017-07-11T00:54:00Z,0.01,176.82833,3624500,307500,3.27277,14962774,0.99,REOrthoTile,6.5,2017-07-11T00:54:00Z
20170520_181841_1354107_RapidEye-3,1354107,2017-05-20T18:18:41Z,RapidEye-3,74.01895,5,5000,32613,0,True,rapideye,0,5000,31427691,2017-05-23T12:08:55Z,0,137.67166,3624500,307500,-9.81988,31429823,1,REOrthoTile,6.5,2017-05-21T13:52:27Z
20150117_184609_1354107_RapidEye-1,1354107,2015-01-17T18:46:09Z,RapidEye-1,36.3176,5,5000,32613,0,True,rapideye,0,5000,19245181,2017-05-19T02:09:10Z,0,170.81646,3624500,307500,3.41496,27106085,1,REOrthoTile,6.5,2017-05-19T02:09:10Z
20170312_181623_1354107_RapidEye-1,1354107,2017-03-12T18:16:23Z,RapidEye-1,51.69112,5,5000,32613,0.46,rapideye,0.54,5000,6.5,2017-03-15T06:18:04Z,0,0.54,154.97016,3624500.0,307500,13.20946,30418083,REOrthoTile,30416781,2017-03-13T11:55:05Z
20170308_183147_1354107_RapidEye-1,1354107,2017-03-08T18:31:47Z,RapidEye-1,51.33504,5,5000,32613,1,rapideye,0,5000,6.5,2017-03-11T12:10:34Z,0,0,161.23021,3624500.0,307500,-12.8793,30357352,REOrthoTile,30352601,2017-03-09T13:01:43Z
20170225_181801_1354107_RapidEye-5,1354107,2017-02-25T18:18:01Z,RapidEye-5,46.10971,5,5000,32613,0,True,rapideye,0.48,5000,30201448,2017-06-08T13:10:27Z,0.49,157.37888,3624500,307500,0.20458,30201335,0.52,REOrthoTile,6.5,2017-02-26T14:15:29Z
20170205_181501_1354107_RapidEye-4,1354107,2017-02-05T18:15:01Z,RapidEye-4,39.27236,5,5000,32613,0,True,rapideye,0.24,5000,29912107,2017-06-08T14:20:10Z,0.24,159.09882,3624500,307500,0.10617,29912048,0.76,REOrthoTile,6.5,2017-02-06T13:31:31Z
20170131_181006_1354107_RapidEye-4,1354107,2017-01-31T18:10:06Z,RapidEye-4,37.53698,5,5000,32613,0,True,rapideye,0,5000,29848915,2017-06-08T15:04:24Z,0,158.42835,3624500,307500,10.08918,29848855,1,REOrthoTile,6.5,2017-02-01T18:16:03Z
20170104_182441_1354107_RapidEye-5,1354107,2017-01-04T18:24:41Z,RapidEye-5,33.71763,5,5000,32613,0,True,rapideye,0.17,5000,29437219,2017-06-08T17:05:01Z,0.17,166.61579,3624500,307500,-6.43618,29437138,0.83,REOrthoTile,6.5,2017-01-05T12:55:56Z
20161106_182735_1354107_RapidEye-3,1354107,2016-11-06T18:27:35Z,RapidEye-3,40.94409,5,5000,32613,0.36,rapideye,0.64,5000,6.5,2017-04-14T20:19:07Z,0,0.64,172.44664,3624500.0,307500,-16.48367,28632519,REOrthoTile,28631163,2016-11-07T12:19:56Z
20140126_185107_1354107_RapidEye-2,1354107,2014-01-26T18:51:07Z,RapidEye-2,38.4834,5,5000,32613,0.76,rapideye,0.24,5000,6.5,2017-04-13T22:22:34Z,0,0.24,171.16938,3624500.0,307500,3.59867,27597398,REOrthoTile,15333799,2016-08-30T17:44:44Z
20160410_182535_1354107_RapidEye-3,1354107,2016-04-10T18:25:35Z,RapidEye-3,63.85926,5,5000,32613,1,rapideye,0,5000,6.5,2017-04-14T15:31:02Z,0,0,155.1041,3624500.0,307500,6.76948,25222772,REOrthoTile,25210659,2016-08-19T03:13:32Z
20160226_184502_1354107_RapidEye-1,1354107,2016-02-26T18:45:02Z,RapidEye-1,47.96265,5,5000,32613,0.15,rapideye,0.85,5000,6.5,2017-04-14T14:30:02Z,0,0.85,166.81648,3624500.0,307500,-12.98251,24605277,REOrthoTile,24603560,2016-08-19T03:01:33Z
20160227_184830_1354107_RapidEye-2,1354107,2016-02-27T18:48:30Z,RapidEye-2,48.49895,5,5000,32613,0.1,rapideye,0.9,5000,6.5,2017-04-14T14:31:37Z,0,0.9,168.03664,3624500.0,307500,-12.86922,24614880,REOrthoTile,24613801,2016-08-19T03:00:51Z
20160228_182318_1354107_RapidEye-4,1354107,2016-02-28T18:23:18Z,RapidEye-4,47.35592,5,5000,32613,0.09,rapideye,0.91,5000,6.5,2017-04-14T14:32:48Z,0,0.91,158.93095,3624500.0,307500,6.79384,24628083,REOrthoTile,24627431,2016-08-19T02:59:54Z
20160414_183624_1354107_RapidEye-2,1354107,2016-04-14T18:36:24Z,RapidEye-2,66.17829,5,5000,32613,0.99,rapideye,0.01,5000,6.5,2017-04-14T15:36:44Z,0,0.01,160.54192,3624500.0,307500,6.98631,25273784,REOrthoTile,25269170,2016-08-19T02:52:41Z
20160302_183308_1354107_RapidEye-2,1354107,2016-03-02T18:33:08Z,RapidEye-2,49.18709,5,5000,32613,1,rapideye,0,5000,6.5,2017-04-14T14:37:04Z,0,0,162.16913,3624500.0,307500,13.60548,24671083,REOrthoTile,24670007,2016-08-18T23:49:24Z
20151120_182902_1354107_RapidEye-4,1354107,2015-11-20T18:29:02Z,RapidEye-4,37.48586,5,5000,32613,1,rapideye,0,5000,6.5,2017-04-14T12:19:29Z,0,0,172.80627,3624500.0,307500,6.75017,23281020,REOrthoTile,23278364,2016-08-18T23:27:30Z
20140324_184721_1354107_RapidEye-2,1354107,2014-03-24T18:47:21Z,RapidEye-2,58.52892,5,5000,32613,0.2,rapideye,0.8,5000,6.5,2017-04-13T23:19:03Z,0,0.8,167.23122,3624500.0,307500,16.90652,25783491,REOrthoTile,15874613,2016-08-18T22:23:55Z
20160709_184101_1354107_RapidEye-2,1354107,2016-07-09T18:41:01Z,RapidEye-2,77.5578,5,5000,32613,0.64,rapideye,0.36,5000,6.5,2017-04-14T17:35:25Z,0,0.36,143.27873,3624500.0,307500,-9.7665,26632420,REOrthoTile,26629475,2016-08-18T21:26:18Z
20160124_183625_1354107_RapidEye-2,1354107,2016-01-24T18:36:25Z,RapidEye-2,37.31143,5,5000,32613,0.78,rapideye,0.22,5000,6.5,2017-04-14T13:44:38Z,0,0.22,167.12386,3624500.0,307500,6.94197,24148984,REOrthoTile,24144539,2016-08-18T04:09:51Z
20160111_183858_1354107_RapidEye-3,1354107,2016-01-11T18:38:58Z,RapidEye-3,35.04383,5,5000,32613,1,rapideye,0,5000,6.5,2017-04-14T13:27:46Z,0,0,169.63052,3624500.0,307500,-13.04626,23975823,REOrthoTile,23974281,2016-08-18T04:08:59Z
20160109_184110_1354107_RapidEye-1,1354107,2016-01-09T18:41:10Z,RapidEye-1,34.85913,5,5000,32613,0.07,rapideye,0.93,5000,6.5,2017-04-14T13:24:03Z,0,0.93,170.53009,3624500.0,307500,-6.41413,23953866,REOrthoTile,23951999,2016-08-18T04:05:06Z
20160204_184107_1354107_RapidEye-3,1354107,2016-02-04T18:41:07Z,RapidEye-3,40.3678,5,5000,32613,0.47,rapideye,0.53,5000,6.5,2017-04-14T14:00:19Z,0,0.53,167.21962,3624500.0,307500,-16.38642,24286934,REOrthoTile,24285568,2016-08-18T04:03:01Z
20160204_182125_1354107_RapidEye-4,1354107,2016-02-04T18:21:25Z,RapidEye-4,39.23418,5,5000,32613,0.59,rapideye,0.41,5000,6.5,2017-04-14T13:59:54Z,0,0.41,161.24515,3624500.0,307500,13.49456,24288482,REOrthoTile,24285917,2016-08-18T04:00:28Z
20150930_183955_1354107_RapidEye-5,1354107,2015-09-30T18:39:55Z,RapidEye-5,54.40374,5,5000,32613,0.98,rapideye,0.02,5000,6.5,2017-04-14T11:15:11Z,0,0.02,172.3756,3624500.0,307500,-6.34911,22660689,REOrthoTile,22657608,2016-08-18T03:50:49Z
20150805_184334_1354107_RapidEye-1,1354107,2015-08-05T18:43:34Z,RapidEye-1,73.02237,5,5000,32613,1,rapideye,0,5000,6.5,2017-04-14T10:07:14Z,0,0,154.58919,3624500.0,307500,-0.02355,25624609,REOrthoTile,21812554,2016-08-18T03:50:31Z
20150927_184001_1354107_RapidEye-2,1354107,2015-09-27T18:40:01Z,RapidEye-2,55.53578,5,5000,32613,1,rapideye,0,5000,6.5,2017-04-14T11:11:15Z,0,0,171.7481,3624500.0,307500,10.22205,22562496,REOrthoTile,22555302,2016-08-18T03:49:35Z
20150914_184141_1354107_RapidEye-3,1354107,2015-09-14T18:41:41Z,RapidEye-3,60.42623,5,5000,32613,1,rapideye,0,5000,6.5,2017-04-14T10:53:18Z,0,0,169.05025,3624500.0,307500,-13.16086,25406948,REOrthoTile,22361024,2016-08-18T03:48:28Z
20151002_184458_1354107_RapidEye-2,1354107,2015-10-02T18:44:58Z,RapidEye-2,53.76344,5,5000,32613,0.45,rapideye,0.55,5000,6.5,2017-04-14T11:17:43Z,0,0.55,174.91211,3624500.0,307500,0.37386,22681611,REOrthoTile,22673483,2016-08-18T03:48:13Z
20150713_184126_1354107_RapidEye-2,1354107,2015-07-13T18:41:26Z,RapidEye-2,77.18495,5,5000,32613,0.07,rapideye,0.93,5000,6.5,2017-04-14T09:35:58Z,0,0.93,144.3719,3624500.0,307500,13.54481,25641651,REOrthoTile,21446929,2016-08-18T03:35:15Z
20150422_183954_1354107_RapidEye-1,1354107,2015-04-22T18:39:54Z,RapidEye-1,68.93942,5,5000,32613,1,rapideye,0,5000,6.5,2017-04-14T07:56:58Z,0,0,161.86619,3624500.0,307500,13.20459,26394278,REOrthoTile,20437150,2016-08-18T03:34:40Z
20140506_185001_1354107_RapidEye-2,1354107,2014-05-06T18:50:01Z,RapidEye-2,73.89068,5,5000,32613,0.2,rapideye,0.8,5000,6.5,2017-04-14T00:06:51Z,0,0.8,167.61705,3624500.0,307500,10.36538,25766232,REOrthoTile,16299239,2016-08-18T02:58:04Z
20140504_184451_1354107_RapidEye-5,1354107,2014-05-04T18:44:51Z,RapidEye-5,73.05847,5,5000,32613,0.74,rapideye,0.26,5000,6.5,2017-04-14T00:05:06Z,0,0.26,163.6695,3624500.0,307500,3.48448,25769016,REOrthoTile,16276502,2016-08-18T02:57:53Z
20140414_184219_1354107_RapidEye-4,1354107,2014-04-14T18:42:19Z,RapidEye-4,66.37376,5,5000,32613,1,rapideye,0,5000,6.5,2017-04-13T23:41:54Z,0,0,164.09778,3624500.0,307500,6.72862,25782760,REOrthoTile,16080450,2016-08-18T02:53:51Z
20140404_185313_1354107_RapidEye-3,1354107,2014-04-04T18:53:13Z,RapidEye-3,63.1157,5,5000,32613,0.11,rapideye,0.89,5000,6.5,2017-04-13T23:29:53Z,0,0.89,170.40854,3624500.0,307500,-13.17241,25783211,REOrthoTile,15976895,2016-08-18T02:52:20Z
20140322_184200_1354107_RapidEye-5,1354107,2014-03-22T18:42:00Z,RapidEye-5,57.45171,5,5000,32613,0.75,rapideye,0.25,5000,6.5,2017-04-13T23:17:00Z,0,0.25,164.78246,3624500.0,307500,16.81413,25784227,REOrthoTile,15857788,2016-08-18T02:48:29Z
20160610_183259_1354107_RapidEye-2,1354107,2016-06-10T18:32:59Z,RapidEye-2,77.95175,5,5000,32613,1,rapideye,0,5000,6.5,2017-04-14T16:52:25Z,0,0,138.93363,3624500.0,307500,10.22068,26187597,REOrthoTile,26178960,2016-08-18T02:08:15Z
20160606_182203_1354107_RapidEye-3,1354107,2016-06-06T18:22:03Z,RapidEye-3,76.19161,5,5000,32613,0.84,rapideye,0.16,5000,6.5,2017-04-14T16:47:39Z,0,0.16,131.88694,3624500.0,307500,6.76398,26046575,REOrthoTile,26038938,2016-08-18T01:55:56Z
20150802_183655_1354107_RapidEye-3,1354107,2015-08-02T18:36:55Z,RapidEye-3,73.04581,5,5000,32613,0.68,rapideye,0.32,5000,6.5,2017-04-14T10:02:53Z,0,0.32,148.3054,3624500.0,307500,3.45206,25875922,REOrthoTile,21792236,2016-08-18T01:36:40Z
20150301_184812_1354107_RapidEye-1,1354107,2015-03-01T18:48:12Z,RapidEye-1,49.33898,5,5000,32613,0,True,rapideye,0.08,5000,19761002,2017-05-19T02:31:36Z,0.08,167.85162,3624500,307500,-3.16012,25876676,0.92,REOrthoTile,6.5,2016-08-18T01:30:06Z
20150419_183316_1354107_RapidEye-3,1354107,2015-04-19T18:33:16Z,RapidEye-3,67.43845,5,5000,32613,0.1,rapideye,0.9,5000,6.5,2017-04-14T07:53:05Z,0,0.9,158.11542,3624500.0,307500,10.19022,25656854,REOrthoTile,20381044,2016-08-18T01:30:00Z
20141228_184406_1354107_RapidEye-5,1354107,2014-12-28T18:44:06Z,RapidEye-5,33.9647,5,5000,32613,1,rapideye,0,5000,6.5,2017-04-14T04:32:12Z,0,0,173.01324,3624500.0,307500,-3.19822,25684114,REOrthoTile,19002435,2016-08-18T01:28:39Z
20150414_185203_1354107_RapidEye-2,1354107,2015-04-14T18:52:03Z,RapidEye-2,66.74779,5,5000,32613,0.83,rapideye,0.17,5000,6.5,2017-04-14T07:47:51Z,0,0.17,170.02199,3624500.0,307500,-6.26286,25659794,REOrthoTile,20333504,2016-08-18T01:28:05Z
20141207_184123_1354107_RapidEye-3,1354107,2014-12-07T18:41:23Z,RapidEye-3,34.72296,5,5000,32613,1,rapideye,0,5000,6.5,2017-04-14T04:10:15Z,0,0,174.99615,3624500.0,307500,3.57891,25706599,REOrthoTile,18783346,2016-08-18T01:17:49Z
20141012_184455_1354107_RapidEye-4,1354107,2014-10-12T18:44:55Z,RapidEye-4,49.90735,5,5000,32613,0.41,rapideye,0.59,5000,6.5,2017-04-14T03:13:44Z,0,0.6,176.4712,3624500.0,307500,0.22331,25740226,REOrthoTile,18221784,2016-08-18T01:05:38Z
20140514_185438_1354107_RapidEye-5,1354107,2014-05-14T18:54:38Z,RapidEye-5,76.12884,5,5000,32613,0.89,rapideye,0.11,5000,6.5,2017-04-14T00:15:38Z,0,0.11,170.71713,3624500.0,307500,-16.41203,25765172,REOrthoTile,16382162,2016-08-18T01:05:07Z
20141017_184931_1354107_RapidEye-4,1354107,2014-10-17T18:49:31Z,RapidEye-4,48.10836,5,5000,32613,1,rapideye,0,5000,6.5,2017-04-14T03:18:41Z,0,0,178.72269,3624500.0,307500,-13.1401,25741569,REOrthoTile,18264613,2016-08-18T01:04:36Z
20140413_184212_1354107_RapidEye-3,1354107,2014-04-13T18:42:12Z,RapidEye-3,66.00266,5,5000,32613,0.06,rapideye,0.94,5000,6.5,2017-04-13T23:41:07Z,0,0.94,164.0915,3624500.0,307500,6.83862,25787565,REOrthoTile,16068343,2016-08-18T01:03:38Z
20140730_185432_1354107_RapidEye-1,1354107,2014-07-30T18:54:32Z,RapidEye-1,75.25827,5,5000,32613,0.01,rapideye,0.99,5000,6.5,2017-04-14T01:45:20Z,0,0.99,161.46779,3624500.0,307500,-3.27422,25751321,REOrthoTile,17292670,2016-08-18T01:03:09Z
20140726_185105_1354107_RapidEye-2,1354107,2014-07-26T18:51:05Z,RapidEye-2,75.88155,5,5000,32613,1,rapideye,0,5000,6.5,2017-04-14T01:40:43Z,0,0,157.07733,3624500.0,307500,3.53633,25751014,REOrthoTile,17243634,2016-08-18T01:01:56Z
20140103_184410_1354107_RapidEye-3,1354107,2014-01-03T18:44:10Z,RapidEye-3,34.36605,5,5000,32613,0.6,rapideye,0.4,5000,6.5,2017-04-13T22:03:16Z,0,0.4,172.14772,3624500.0,307500,13.52668,25830870,REOrthoTile,15105372,2016-08-18T00:59:59Z
20140218_185314_1354107_RapidEye-1,1354107,2014-02-18T18:53:14Z,RapidEye-1,45.56838,5,5000,32613,1,rapideye,0,5000,6.5,2017-04-13T22:44:35Z,0,0,170.0641,3624500.0,307500,-0.03787,25812761,REOrthoTile,15546341,2016-08-18T00:59:52Z
20140211_184205_1354107_RapidEye-4,1354107,2014-02-11T18:42:05Z,RapidEye-4,42.71392,5,5000,32613,1,rapideye,0,5000,6.5,2017-04-13T22:35:25Z,0,0,166.80635,3624500.0,307500,10.19753,25882152,REOrthoTile,15535665,2016-08-18T00:59:49Z
20140105_184728_1354107_RapidEye-5,1354107,2014-01-05T18:47:28Z,RapidEye-5,34.64866,5,5000,32613,1,rapideye,0,5000,6.5,2017-04-13T22:05:14Z,0,0,172.78328,3624500.0,307500,3.52382,25886487,REOrthoTile,15135187,2016-08-18T00:59:25Z
20151213_183147_1354107_RapidEye-3,1354107,2015-12-13T18:31:47Z,RapidEye-3,33.92349,5,5000,32613,0.73,rapideye,0.27,5000,6.5,2017-04-14T12:49:24Z,0,0.27,171.67142,3624500.0,307500,-0.2814,23605718,REOrthoTile,23597625,2016-08-17T23:59:22Z
20150104_185354_1354107_RapidEye-2,1354107,2015-01-04T18:53:54Z,RapidEye-2,34.67132,5,5000,32613,0.12,rapideye,0.88,5000,6.5,2017-04-14T04:41:34Z,0,0.88,174.75095,3624500.0,307500,-13.02182,25497324,REOrthoTile,19081747,2016-08-17T23:58:32Z
