"LineKey","RecKey","DateModified","FormType","FormDate","Observer","Recorder","DataEntry","DataErrorChecking","Direction","Measure","LineLengthAmount","SpacingIntervalAmount","SpacingType","HeightOption","HeightUOM","ShowCheckbox","CheckboxLabel","numCanopy","numBare","numBasal","pctCanopy","pctBare","pctBasal","pctCheckedPlants","pctCheckedTopPlants","pctCheckedTopPoints","LayerHeights","WoodyHerbHeights","unused4","pctCheckedSoil","avgHeightTop","Notes","avgHeightLower1","avgHeightLower2","avgHeightLower3","avgHeightLower4","avgHeightSurface","numGrCovTotal","numGrCovBetween","numGrCovUnder","numLitterTotal","numLitterBetween","numLitterUnder","pctGrCovTotal","pctGrCovBetween","pctGrCovUnder","pctLitterTotal","pctLitterBetween","pctLitterUnder","HeightNoneOption","avgHeightWoody","avgHeightHerb","ShowShrubShape","PaceCount"
"","1506221421522699",6/25/2015 8:58:04,"LPI",6/22/2015 0:00:00,"Rachel Renne","Ashley Woolman","Reanna Moore","Ashley Woolman","0",1,25,50.00,"cm","ad hoc","cm",1,"Dead",31,8,6,62.00,16.00,12.00,27.27,32.25,20.00,0,1,0.00,4.00,0.00,,0.00,0.00,0.00,0.00,0.00,38,11,27,16,2,14,76.00,22.00,54.00,32.00,4.00,28.00,0,18.75,34.77,1,0
,"1506221458519471",6/25/2015 9:01:17,"LPI",6/22/2015 0:00:00,"Rachel Renne","Ashley Woolman",,,"0",1,25,50.00,"cm","ad hoc","cm",1,"Dead",32,6,3,64.00,12.00,6.00,11.62,15.62,10.00,0,1,0.00,0.00,0.00,,0.00,0.00,0.00,0.00,0.00,42,12,30,18,2,16,84.00,24.00,60.00,36.00,4.00,32.00,0,13.50,34.10,1,0
"1506230731386966","1506231032118803",9/18/2015 10:11:16,"LPI",6/23/2015 0:00:00,"Ashley Woolman","Reanna Moore",,,"0",1,25,50.00,"cm","ad hoc","cm",1,"Dead",29,18,1,58.00,36.00,2.00,6.06,6.89,4.00,0,1,0.00,0.00,0.00,,0.00,0.00,0.00,0.00,0.00,20,3,17,18,3,15,40.00,6.00,34.00,36.00,6.00,30.00,0,27.00,26.80,1,0
"1506231003232808","1506231058271011",9/14/2015 16:38:48,"LPI",6/23/2015 0:00:00,"Sarah Schmid Chand","Martha Sample",,,"0",1,25,50.00,"cm","ad hoc","cm",1,"Dead",50,0,2,100.00,0.00,4.00,9.52,4.00,4.00,0,1,0.00,0.00,0.00,"",0.00,0.00,0.00,0.00,0.00,43,0,43,40,0,40,86.00,0.00,86.00,80.00,0.00,80.00,0,25.28,31.22,1,0
"1506230731383143","1506231124483523",9/18/2015 10:11:36,"LPI",6/23/2015 0:00:00,"Ashley Woolman","Reanna Moore",,,"120",1,25,50.00,"cm","ad hoc","cm",1,"Dead",38,6,2,76.00,12.00,4.00,3.63,5.26,4.00,0,1,0.00,0.00,0.00,,0.00,0.00,0.00,0.00,0.00,31,6,25,24,2,22,62.00,12.00,50.00,48.00,4.00,44.00,0,20.40,47.22,1,0
"1506230731381287","1506231154223353",9/18/2015 10:11:48,"LPI",6/23/2015 0:00:00,"Ashley Woolman","Reanna Moore",,,"240",1,25,50.00,"cm","ad hoc","cm",1,"Dead",24,19,5,48.00,38.00,10.00,29.03,16.66,8.00,0,1,0.00,8.00,0.00,,0.00,0.00,0.00,0.00,0.00,17,7,10,8,2,6,34.00,14.00,20.00,16.00,4.00,12.00,0,25.00,30.11,1,0
"150623100323500","1506231403414534",9/11/2015 12:36:53,"LPI",6/23/2015 0:00:00,"Martha Sample","Sarah Schmid Chand",,,"120",1,25,50.00,"cm","ad hoc","cm",1,"Dead",45,1,6,90.00,2.00,12.00,27.38,26.66,24.00,0,1,0.00,2.00,0.00,"PG02 =  PG01 =  AF02 =  AF01 =  PF03 =  AF03 =  PF02 =  ",0.00,0.00,0.00,0.00,0.00,44,4,40,36,4,32,88.00,8.00,80.00,72.00,8.00,64.00,0,29.60,39.30,1,0
"1506231003238643","1506231658449102",9/11/2015 12:36:57,"LPI",6/23/2015 0:00:00,"Sarah Schmid Chand","Martha Sample",,,"240",1,25,50.00,"cm","ad hoc","cm",1,"Dead",46,1,2,92.00,2.00,4.00,15.18,21.73,20.00,0,1,0.00,0.00,0.00,"AF01 =  AF03 =  PG01 =  PF02 =  PG02 =  PG03 =  ",0.00,0.00,0.00,0.00,0.00,44,3,41,42,3,39,88.00,6.00,82.00,84.00,6.00,78.00,0,28.22,38.80,1,0
"1506231804037660","1506240729267264",9/1/2015 12:42:57,"LPI",6/24/2015 0:00:00,"Reanna Moore","Rachel Renne",,,"120",1,25,50.00,"cm","ad hoc","cm",1,"Dead",31,16,4,62.00,32.00,8.00,20.93,22.58,14.00,0,1,0.00,4.00,0.00,,0.00,0.00,0.00,0.00,0.00,20,3,17,16,3,13,40.00,6.00,34.00,32.00,6.00,26.00,0,20.00,39.40,1,0
"1506231804033765","1506240759399373",9/1/2015 12:42:51,"LPI",6/24/2015 0:00:00,"Reanna Moore","Rachel Renne",,,"0",1,25,50.00,"cm","ad hoc","cm",1,"Dead",27,17,9,54.00,34.00,18.00,13.15,11.11,6.00,0,1,0.00,4.00,0.00,,0.00,0.00,0.00,0.00,0.00,23,6,17,15,6,9,46.00,12.00,34.00,30.00,12.00,18.00,0,19.00,22.60,1,0
"1506231804031613","1506240822372944",9/1/2015 12:43:03,"LPI",6/24/2015 0:00:00,"Reanna Moore","Rachel Renne",,,"240",1,25,50.00,"cm","ad hoc","cm",1,"Dead",14,31,1,28.00,62.00,2.00,11.76,14.28,4.00,0,1,0.00,0.00,0.00,,0.00,0.00,0.00,0.00,0.00,15,5,10,14,5,9,30.00,10.00,20.00,28.00,10.00,18.00,0,17.50,33.22,1,0
"1506241018379349","1506241309185504",8/24/2015 14:40:10,"LPI",6/24/2015 0:00:00,"Rachel Renne","Ashley Woolman",,,"0",1,25,50.00,"cm","ad hoc","cm",1,"Dead",40,9,3,80.00,18.00,6.00,14.92,5.00,4.00,0,1,0.00,4.00,0.00,,0.00,0.00,0.00,0.00,0.00,30,1,29,25,1,24,60.00,2.00,58.00,50.00,2.00,48.00,0,24.40,47.20,1,0
"1506241018376003","1506241347375969",9/17/2015 15:28:47,"LPI",6/24/2015 0:00:00,"Rachel Renne","Ashley Woolman",,,"120",1,25,50.00,"cm","ad hoc","cm",1,"Dead",37,7,7,74.00,14.00,14.00,10.52,5.40,4.00,0,1,0.00,2.00,0.00,,0.00,0.00,0.00,0.00,0.00,28,6,22,21,6,15,56.00,12.00,44.00,42.00,12.00,30.00,0,24.62,47.80,1,0
"1506241018372438","1506241409367848",8/24/2015 14:45:30,"LPI",6/24/2015 0:00:00,"Rachel Renne","Ashley Woolman","Reanna Moore","Ashley Woolman","240",1,25,50.00,"cm","ad hoc","cm",1,"Dead",38,8,4,76.00,16.00,8.00,8.62,7.89,6.00,0,1,0.00,2.00,0.00,,0.00,0.00,0.00,0.00,0.00,22,4,18,18,4,14,44.00,8.00,36.00,36.00,8.00,28.00,0,29.00,59.40,1,0
"1506221143346663","1506251440451040",8/24/2015 13:30:16,"LPI",6/22/2015 0:00:00,"Rachel Renne","Ashley Woolman","Ashley Woolman","Rachel Renne","0",1,25,50.00,"cm","ad hoc","cm",1,"Dead",31,8,6,62.00,16.00,12.00,27.27,32.25,20.00,0,1,0.00,4.00,0.00,,0.00,0.00,0.00,0.00,0.00,38,11,27,15,2,13,76.00,22.00,54.00,30.00,4.00,26.00,0,18.75,34.77,1,0
"1506221143346550","1506251453548132",8/24/2015 13:31:20,"LPI",6/22/2015 0:00:00,"Rachel Renne","Ashley Woolman","Ashley Woolman","Rachel Renne","120",1,25,50.00,"cm","ad hoc","cm",1,"Dead",32,6,3,64.00,12.00,6.00,11.62,15.62,10.00,0,1,0.00,0.00,0.00,,0.00,0.00,0.00,0.00,0.00,41,12,29,17,2,15,82.00,24.00,58.00,34.00,4.00,30.00,0,13.50,34.10,1,0
"1506221143344694","1506251514216826",8/24/2015 13:32:22,"LPI",6/22/2015 0:00:00,"Rachel Renne","Ashley Woolman","Rachel Renne","Ashley Woolman","240",1,25,50.00,"cm","ad hoc","cm",1,"Dead",28,5,2,56.00,10.00,4.00,14.70,10.71,6.00,0,1,0.00,0.00,0.00,,0.00,0.00,0.00,0.00,0.00,39,17,22,13,2,11,78.00,34.00,44.00,26.00,4.00,22.00,0,6.50,34.20,1,0
"1506300857561831","1506301204587932",9/17/2015 15:27:46,"LPI",6/30/2015 0:00:00,"Ashley Woolman","Rachel Renne",,,"0",1,25,50.00,"cm","ad hoc","cm",1,"Dead",30,12,0,60.00,24.00,0.00,8.10,10.00,6.00,0,1,0.00,0.00,0.00,,0.00,0.00,0.00,0.00,0.00,27,8,19,26,8,18,54.00,16.00,38.00,52.00,16.00,36.00,0,0.00,49.55,1,0
"1506300857568382","1506301236102106",9/17/2015 15:28:28,"LPI",6/30/2015 0:00:00,"Ashley Woolman","Rachel Renne",,,"120",1,25,50.00,"cm","ad hoc","cm",1,"Dead",25,19,0,50.00,38.00,0.00,6.89,8.00,4.00,0,1,0.00,0.00,0.00,,0.00,0.00,0.00,0.00,0.00,19,6,13,19,6,13,38.00,12.00,26.00,38.00,12.00,26.00,0,43.50,45.40,1,0
"1506300857562334","1506301332059978",8/24/2015 15:06:24,"LPI",6/30/2015 0:00:00,"Ashley Woolman","Rachel Renne",,,"240",1,25,50.00,"cm","ad hoc","cm",1,"Dead",30,15,0,60.00,30.00,0.00,0.00,0.00,0.00,0,1,0.00,0.00,0.00,,0.00,0.00,0.00,0.00,0.00,12,5,7,12,5,7,24.00,10.00,14.00,24.00,10.00,14.00,0,0.00,31.30,1,0
"1507010828164479","1507010947256406",8/24/2015 15:32:43,"LPI",7/1/2015 0:00:00,"Rachel Renne","Ashley Woolman",,,"0",1,25,50.00,"cm","ad hoc","cm",1,"Dead",42,4,4,84.00,8.00,8.00,11.59,2.38,2.00,0,1,0.00,4.00,0.00,,0.00,0.00,0.00,0.00,0.00,42,4,38,36,4,32,84.00,8.00,76.00,72.00,8.00,64.00,0,29.11,35.50,1,0
"1507010828162276","1507011025106532",8/24/2015 15:33:25,"LPI",7/1/2015 0:00:00,"Rachel Renne","Ashley Woolman",,,"120",1,25,50.00,"cm","ad hoc","cm",1,"Dead",36,12,2,72.00,24.00,4.00,12.50,11.11,8.00,0,1,0.00,0.00,0.00,,0.00,0.00,0.00,0.00,0.00,22,2,20,20,2,18,44.00,4.00,40.00,40.00,4.00,36.00,0,29.50,34.90,1,0
"1507010828166228","1507011103224342",8/24/2015 15:34:15,"LPI",7/1/2015 0:00:00,"Rachel Renne","Ashley Woolman",,,"240",1,25,50.00,"cm","ad hoc","cm",1,"Dead",32,8,1,64.00,16.00,2.00,15.38,12.50,8.00,0,1,0.00,0.00,0.00,,0.00,0.00,0.00,0.00,0.00,32,10,22,28,9,19,64.00,20.00,44.00,56.00,18.00,38.00,0,18.80,28.30,1,0
"1507011328237122","15070113314038",9/18/2015 9:36:28,"LPI",7/1/2015 0:00:00,"Martha Sample","Sarah Schmid Chand",,,"0",1,25,50.00,"cm","ad hoc","cm",1,"Dead",49,1,6,98.00,2.00,12.00,6.84,10.20,10.00,0,1,0.00,0.00,0.00,"PG08 =  PG01 =  PF01 =  ",0.00,0.00,0.00,0.00,0.00,40,0,40,35,0,35,80.00,0.00,80.00,70.00,0.00,70.00,0,21.25,51.80,1,0
"1507011328232992","1507011443054921",9/18/2015 14:06:52,"LPI",7/1/2015 0:00:00,"Sarah Schmid Chand","Martha Sample",,,"0",1,25,50.00,"cm","ad hoc","cm",1,"Dead",48,0,7,96.00,0.00,14.00,15.58,18.75,18.00,0,1,0.00,0.00,0.00,"PG01 =  PG08 =  PG03 =  AF04 =  ",0.00,0.00,0.00,0.00,0.00,40,2,38,33,2,31,80.00,4.00,76.00,66.00,4.00,62.00,0,12.25,50.30,1,0
"1507011328236944","1507011526087136",9/18/2015 9:37:40,"LPI",7/1/2015 0:00:00,"Sarah Schmid Chand","Martha Sample",,,"0",1,25,50.00,"cm","ad hoc","cm",1,"Dead",43,3,4,86.00,6.00,8.00,9.72,4.65,4.00,0,1,0.00,0.00,0.00,"PG08 =  PG01 =  ",0.00,0.00,0.00,0.00,0.00,32,4,28,27,4,23,64.00,8.00,56.00,54.00,8.00,46.00,0,37.00,54.80,1,0
"1507020626308887","1507020902406866",9/1/2015 12:39:16,"LPI",7/2/2015 0:00:00,"Ashley Woolman","Rachel Renne",,,"0",1,25,50.00,"cm","ad hoc","cm",1,"Dead",36,8,7,72.00,16.00,14.00,33.33,41.66,30.00,0,1,0.00,0.00,0.00,,0.00,0.00,0.00,0.00,0.00,31,6,25,23,3,20,62.00,12.00,50.00,46.00,6.00,40.00,0,9.80,31.20,1,0
"1507020626301996","1507020942568333",8/24/2015 15:54:08,"LPI",7/2/2015 0:00:00,"Ashley Woolman","Rachel Renne",,,"120",1,25,50.00,"cm","ad hoc","cm",1,"Dead",37,7,6,74.00,14.00,12.00,11.53,13.51,10.00,0,1,0.00,0.00,0.00,,0.00,0.00,0.00,0.00,0.00,30,6,24,23,2,21,60.00,12.00,48.00,46.00,4.00,42.00,0,5.22,35.30,1,0
"1507020626305948","1507021012467344",8/24/2015 15:55:05,"LPI",7/2/2015 0:00:00,"Ashley Woolman","Rachel Renne",,,"240",1,25,50.00,"cm","ad hoc","cm",1,"Dead",28,9,8,56.00,18.00,16.00,7.69,7.14,4.00,0,1,0.00,0.00,0.00,,0.00,0.00,0.00,0.00,0.00,35,13,22,23,5,18,70.00,26.00,44.00,46.00,10.00,36.00,0,7.40,36.70,1,0
"1507021051285955","1507021149377423",9/14/2015 15:00:54,"LPI",6/30/2015 0:00:00,"Sarah Schmid Chand","Martha Sample","Martha Sample","Jennifer Howland","0",1,25,50.00,"cm","ad hoc","cm",1,"Dead",34,12,3,68.00,24.00,6.00,8.16,8.82,6.00,0,1,0.00,0.00,0.00,"PG205 =  PF201 =  PG05 =  PF04 =  PF05 =  ",0.00,0.00,0.00,0.00,0.00,29,4,25,24,3,21,58.00,8.00,50.00,48.00,6.00,42.00,0,26.50,37.00,1,0
"1507021051283672","1507021344054826",9/14/2015 15:01:02,"LPI",6/30/2015 0:00:00,"Martha Sample","Sarah Schmid Chand","Martha Sample","Jennifer Howland","120",1,25,50.00,"cm","ad hoc","cm",1,"Dead",39,2,5,78.00,4.00,10.00,19.64,12.82,10.00,0,1,0.00,2.00,0.00,"PG06 =  PG05 =  PF04 =  PF05 =  ",0.00,0.00,0.00,0.00,0.00,43,9,34,30,7,23,86.00,18.00,68.00,60.00,14.00,46.00,0,26.50,31.40,1,0
"1507061517256259","1507061526416949",8/3/2015 16:55:33,"LPI",7/6/2015 0:00:00,"Martha Sample","Sarah Schmid Chand",,,"0",1,25,50.00,"cm","ad hoc","cm",1,"Dead",34,9,5,68.00,18.00,10.00,34.04,38.23,26.00,0,1,0.00,0.00,0.00,"",0.00,0.00,0.00,0.00,0.00,28,7,21,22,6,16,56.00,14.00,42.00,44.00,12.00,32.00,0,23.87,35.10,1,0
"1507061517253434","150706164120720",7/7/2015 9:09:32,"LPI",7/6/2015 0:00:00,"Sarah Schmid Chand","Martha Sample",,,"120",1,25,50.00,"cm","ad hoc","cm",1,"Dead",33,10,2,66.00,20.00,4.00,11.36,12.12,8.00,0,1,0.00,0.00,0.00,"PF12 =  ",0.00,0.00,0.00,0.00,0.00,34,7,27,29,5,24,68.00,14.00,54.00,58.00,10.00,48.00,0,26.33,41.10,1,0
"1507061517257386","1507061727266061",7/7/2015 9:09:18,"LPI",7/6/2015 0:00:00,"Martha Sample","Sarah Schmid Chand",,,"240",1,25,50.00,"cm","ad hoc","cm",1,"Dead",31,11,8,62.00,22.00,16.00,16.66,19.35,12.00,0,1,0.00,0.00,0.00,"",0.00,0.00,0.00,0.00,0.00,32,8,24,20,7,13,64.00,16.00,48.00,40.00,14.00,26.00,0,13.50,35.60,1,0
"1507070944245832","1507071528451546",8/26/2015 12:32:24,"LPI",7/7/2015 0:00:00,"Sarah Schmid Chand","Martha Sample",,,"0",1,25,50.00,"cm","ad hoc","cm",1,"Dead",32,7,4,64.00,14.00,8.00,21.27,15.62,10.00,0,1,0.00,2.00,0.00,"",0.00,0.00,0.00,0.00,0.00,36,11,25,30,11,19,72.00,22.00,50.00,60.00,22.00,38.00,0,22.83,23.60,1,0
"150707094424812","1507071609177581",7/8/2015 12:37:05,"LPI",7/7/2015 0:00:00,"Sarah Schmid Chand","Martha Sample",,,"120",1,25,50.00,"cm","ad hoc","cm",1,"Dead",33,9,3,66.00,18.00,6.00,32.60,39.39,26.00,0,1,0.00,2.00,0.00,"",0.00,0.00,0.00,0.00,0.00,35,8,27,30,8,22,70.00,16.00,54.00,60.00,16.00,44.00,0,20.66,37.30,1,0
"1507070944248528","1507071637141262",7/8/2015 12:38:29,"LPI",7/7/2015 0:00:00,"Sarah Schmid Chand","Martha Sample",,,"240",1,25,50.00,"cm","ad hoc","cm",1,"Dead",40,3,4,80.00,6.00,8.00,43.63,42.50,34.00,0,1,0.00,4.00,0.00,"PF14 =  ",0.00,0.00,0.00,0.00,0.00,39,7,32,31,7,24,78.00,14.00,64.00,62.00,14.00,48.00,0,14.66,32.00,1,0
"1507091035141158","1507091105123425",9/14/2015 14:42:49,"LPI",7/9/2015 0:00:00,"Sarah Schmid Chand","Martha Sample",,,"0",1,25,50.00,"cm","ad hoc","cm",1,"Dead",40,4,8,80.00,8.00,16.00,11.66,17.50,14.00,0,1,0.00,0.00,0.00,"",0.00,0.00,0.00,0.00,0.00,36,6,30,24,3,21,72.00,12.00,60.00,48.00,6.00,42.00,0,28.60,33.22,1,0
"1507091035148954","1507091151371496",9/14/2015 14:42:55,"LPI",7/9/2015 0:00:00,"Sarah Schmid Chand","Martha Sample",,,"120",1,25,50.00,"cm","ad hoc","cm",1,"Dead",44,3,8,88.00,6.00,16.00,7.46,11.36,10.00,0,1,0.00,0.00,0.00,"PG09 =  AF02 =  PF19 =  ",0.00,0.00,0.00,0.00,0.00,35,3,32,29,3,26,70.00,6.00,64.00,58.00,6.00,52.00,0,18.50,45.90,1,0
"1507091035142907","1507091356145490",9/14/2015 14:43:00,"LPI",7/9/2015 0:00:00,"Sarah Schmid Chand","Martha Sample",,,"240",1,25,50.00,"cm","ad hoc","cm",1,"Dead",40,8,4,80.00,16.00,8.00,9.61,7.50,6.00,0,1,0.00,0.00,0.00,"PG09 =  ",0.00,0.00,0.00,0.00,0.00,27,2,25,22,1,21,54.00,4.00,50.00,44.00,2.00,42.00,0,14.00,36.30,1,0
"150709150516336","1507091606128833",8/24/2015 16:19:26,"LPI",7/10/2015 0:00:00,"Rachel Renne","Ashley Woolman",,,"0",1,25,50.00,"cm","ad hoc","cm",1,"Dead",35,8,6,70.00,16.00,12.00,21.73,25.71,18.00,0,1,0.00,2.00,0.00,"",0.00,0.00,0.00,0.00,0.00,29,7,22,18,4,14,58.00,14.00,44.00,36.00,8.00,28.00,0,17.60,38.20,1,0
"1507091505166943","1507100857408041",8/24/2015 16:20:11,"LPI",7/10/2015 0:00:00,"Rachel Renne","Ashley Woolman",,,"120",1,25,50.00,"cm","ad hoc","cm",1,"Dead",30,16,9,60.00,32.00,18.00,19.04,20.00,12.00,0,1,0.00,2.00,0.00,,0.00,0.00,0.00,0.00,0.00,27,4,23,13,1,12,54.00,8.00,46.00,26.00,2.00,24.00,0,22.33,32.50,1,0
"1507091505165087","1507100928464786",8/24/2015 16:21:10,"LPI",7/10/2015 0:00:00,"Rachel Renne","Ashley Woolman",,,"240",1,25,50.00,"cm","ad hoc","cm",1,"Dead",30,10,3,60.00,20.00,6.00,11.11,10.00,6.00,0,1,0.00,0.00,0.00,,0.00,0.00,0.00,0.00,0.00,25,10,15,16,6,10,50.00,20.00,30.00,32.00,12.00,20.00,0,11.28,33.10,1,0
"1507100935429874","1507100954571704",9/11/2015 14:17:25,"LPI",7/10/2015 0:00:00,"Martha Sample","Sarah Schmid Chand",,,"0",1,25,50.00,"cm","ad hoc","cm",1,"Dead",33,7,10,66.00,14.00,20.00,23.07,21.21,14.00,0,1,0.00,6.00,0.00,"PF23 =  ",0.00,0.00,0.00,0.00,0.00,37,10,27,18,3,15,74.00,20.00,54.00,36.00,6.00,30.00,0,17.75,32.20,1,0
"1507100935422291","1507101040497931",9/11/2015 14:17:33,"LPI",7/10/2015 0:00:00,"Martha Sample","Sarah Schmid Chand",,,"120",1,25,50.00,"cm","ad hoc","cm",1,"Dead",29,9,4,58.00,18.00,8.00,26.66,31.03,18.00,0,1,0.00,2.00,0.00,"PF18 =  ",0.00,0.00,0.00,0.00,0.00,37,12,25,22,5,17,74.00,24.00,50.00,44.00,10.00,34.00,0,13.33,33.20,1,0
"1507100935425042","1507101120431099",9/11/2015 14:17:39,"LPI",7/10/2015 0:00:00,"Martha Sample","Sarah Schmid Chand",,,"240",1,25,50.00,"cm","ad hoc","cm",1,"Dead",45,0,2,90.00,0.00,4.00,25.97,31.11,28.00,0,1,0.00,0.00,0.00,"PF30 =  PG11 =  PG12 =  ",0.00,0.00,0.00,0.00,0.00,47,5,42,43,4,39,94.00,10.00,84.00,86.00,8.00,78.00,0,53.66,34.10,1,0
"1507101317228923","1507101647161091",8/24/2015 17:34:47,"LPI",7/10/2015 0:00:00,"Ashley Woolman","Rachel Renne",,,"0",1,25,50.00,"cm","ad hoc","cm",1,"Dead",30,8,3,60.00,16.00,6.00,17.07,13.33,8.00,0,1,0.00,2.00,0.00,,0.00,0.00,0.00,0.00,0.00,26,12,14,13,6,7,52.00,24.00,28.00,26.00,12.00,14.00,0,4.50,32.80,1,0
"1507101317229423","1507101728036936",8/24/2015 17:35:29,"LPI",7/10/2015 0:00:00,"Ashley Woolman","Rachel Renne",,,"120",1,25,50.00,"cm","ad hoc","cm",1,"Dead",23,9,3,46.00,18.00,6.00,12.50,8.69,4.00,0,1,0.00,0.00,0.00,,0.00,0.00,0.00,0.00,0.00,30,18,12,17,9,8,60.00,36.00,24.00,34.00,18.00,16.00,0,15.22,36.20,1,0
"1507101317225431","1507101755131209",8/24/2015 17:36:08,"LPI",7/10/2015 0:00:00,"Ashley Woolman","Rachel Renne",,,"240",1,25,50.00,"cm","ad hoc","cm",1,"Dead",28,14,3,56.00,28.00,6.00,17.64,10.71,6.00,0,1,0.00,2.00,0.00,,0.00,0.00,0.00,0.00,0.00,28,8,20,17,2,15,56.00,16.00,40.00,34.00,4.00,30.00,0,9.50,36.20,1,0
"1507110739501909","1507111024302393",8/24/2015 16:38:56,"LPI",7/11/2015 0:00:00,"Rachel Renne","Ashley Woolman",,,"0",1,25,50.00,"cm","ad hoc","cm",1,"Dead",34,3,4,68.00,6.00,8.00,2.43,2.94,2.00,0,1,0.00,0.00,0.00,,0.00,0.00,0.00,0.00,0.00,41,13,28,28,8,20,82.00,26.00,56.00,56.00,16.00,40.00,0,14.88,34.90,1,0
"1507110739501840","1507111053267258",8/24/2015 16:39:38,"LPI",7/11/2015 0:00:00,"Rachel Renne","Ashley Woolman",,,"120",1,25,50.00,"cm","ad hoc","cm",1,"Dead",32,4,6,64.00,8.00,12.00,9.09,6.25,4.00,0,1,0.00,4.00,0.00,,0.00,0.00,0.00,0.00,0.00,41,14,27,30,12,18,82.00,28.00,54.00,60.00,24.00,36.00,0,17.37,31.50,1,0
"1507110739501855","1507111137085828",8/24/2015 16:40:22,"LPI",7/11/2015 0:00:00,"Rachel Renne","Ashley Woolman",,,"240",1,25,50.00,"cm","ad hoc","cm",1,"Dead",41,4,9,82.00,8.00,18.00,22.41,26.82,22.00,0,1,0.00,4.00,0.00,,0.00,0.00,0.00,0.00,0.00,43,5,38,31,3,28,86.00,10.00,76.00,62.00,6.00,56.00,0,33.33,31.70,1,0
"1507120751438814","1507120942211182",8/25/2015 8:56:12,"LPI",7/12/2015 0:00:00,"Ashley Woolman","Rachel Renne",,,"0",1,25,50.00,"cm","ad hoc","cm",1,"Dead",38,3,3,76.00,6.00,6.00,4.00,2.63,2.00,0,1,0.00,0.00,0.00,,0.00,0.00,0.00,0.00,0.00,36,9,27,24,5,19,72.00,18.00,54.00,48.00,10.00,38.00,0,13.50,35.30,1,0
"1507120751434436","1507121018382031",8/25/2015 8:57:10,"LPI",7/12/2015 0:00:00,"Ashley Woolman","Rachel Renne",,,"120",1,25,50.00,"cm","ad hoc","cm",1,"Dead",42,5,6,84.00,10.00,12.00,6.89,7.14,6.00,0,1,0.00,2.00,0.00,,0.00,0.00,0.00,0.00,0.00,34,3,31,28,3,25,68.00,6.00,62.00,56.00,6.00,50.00,0,21.62,30.00,1,0
"1507120751432661","1507121039433135",9/1/2015 15:01:20,"LPI",7/12/2015 0:00:00,"Ashley Woolman","Rachel Renne",,,"240",1,25,50.00,"cm","ad hoc","cm",1,"Dead",34,5,4,68.00,10.00,8.00,4.54,2.94,2.00,0,1,0.00,2.00,0.00,"Heavily used cattle trail intersects line 3.",0.00,0.00,0.00,0.00,0.00,37,11,26,29,9,20,74.00,22.00,52.00,58.00,18.00,40.00,0,17.20,31.80,1,0
"1507121608282201","1507130712209750",9/1/2015 14:19:14,"LPI",7/13/2015 0:00:00,"Rachel Renne","Ashley Woolman",,,"0",1,25,50.00,"cm","ad hoc","cm",1,"Dead",24,16,7,48.00,32.00,14.00,8.10,8.33,4.00,0,1,0.00,2.00,0.00,,0.00,0.00,0.00,0.00,0.00,29,10,19,14,3,11,58.00,20.00,38.00,28.00,6.00,22.00,0,22.70,17.00,1,0
"1507121608286118","1507130746535641",8/25/2015 8:22:19,"LPI",7/13/2015 0:00:00,"Rachel Renne","Ashley Woolman",,,"120",1,25,50.00,"cm","ad hoc","cm",1,"Dead",32,13,8,64.00,26.00,16.00,19.14,15.62,10.00,0,1,0.00,6.00,0.00,"",0.00,0.00,0.00,0.00,0.00,22,5,17,12,4,8,44.00,10.00,34.00,24.00,8.00,16.00,0,22.28,24.55,1,0
"150712160828140","1507130806363507",8/25/2015 8:23:06,"LPI",7/13/2015 0:00:00,"Rachel Renne","Ashley Woolman",,,"240",1,25,50.00,"cm","ad hoc","cm",1,"Dead",23,16,5,46.00,32.00,10.00,14.28,17.39,8.00,0,1,0.00,2.00,0.00,"",0.00,0.00,0.00,0.00,0.00,28,11,17,21,8,13,56.00,22.00,34.00,42.00,16.00,26.00,0,28.70,25.83,1,0
"1507131320434942","1507131441089269",8/25/2015 9:18:15,"LPI",7/13/2015 0:00:00,"Ashley Woolman","Rachel Renne",,,"0",1,25,50.00,"cm","ad hoc","cm",1,"Dead",35,4,2,70.00,8.00,4.00,4.44,2.85,2.00,0,1,0.00,2.00,0.00,"",0.00,0.00,0.00,0.00,0.00,38,11,27,33,9,24,76.00,22.00,54.00,66.00,18.00,48.00,0,3.00,37.50,1,0
"1507131320433086","1507131458234896",9/1/2015 14:24:38,"LPI",7/13/2015 0:00:00,"Ashley Woolman","Rachel Renne",,,"120",1,25,50.00,"cm","ad hoc","cm",1,"Dead",30,6,1,60.00,12.00,2.00,2.85,3.33,2.00,0,1,0.00,0.00,0.00,,0.00,0.00,0.00,0.00,0.00,41,14,27,24,5,19,82.00,28.00,54.00,48.00,10.00,38.00,0,10.25,30.80,1,0
"1507131320431311","1507131523219006",9/1/2015 15:00:30,"LPI",7/13/2015 0:00:00,"Ashley Woolman","Rachel Renne",,,"240",1,25,50.00,"cm","ad hoc","cm",1,"Dead",34,6,3,68.00,12.00,6.00,0.00,0.00,0.00,0,1,0.00,0.00,0.00,"Line 3 intersects a gully with debris from above road.",0.00,0.00,0.00,0.00,0.00,39,10,29,32,6,26,78.00,20.00,58.00,64.00,12.00,52.00,0,31.50,39.70,1,0
"1507140749291599","1507140829348828",8/25/2015 10:01:51,"LPI",7/14/2015 0:00:00,"Rachel Renne","Ashley Woolman",,,"0",1,25,50.00,"cm","ad hoc","cm",1,"Dead",37,5,4,74.00,10.00,8.00,4.08,5.40,4.00,0,1,0.00,0.00,0.00,,0.00,0.00,0.00,0.00,0.00,40,8,32,17,1,16,80.00,16.00,64.00,34.00,2.00,32.00,0,10.66,47.40,1,0
"1507140749299396","1507140916388934",8/25/2015 10:02:34,"LPI",7/14/2015 0:00:00,"Rachel Renne","Ashley Woolman",,,"120",1,25,50.00,"cm","ad hoc","cm",1,"Dead",21,9,5,42.00,18.00,10.00,13.79,9.52,4.00,0,1,0.00,2.00,0.00,,0.00,0.00,0.00,0.00,0.00,39,20,19,7,2,5,78.00,40.00,38.00,14.00,4.00,10.00,0,8.77,28.66,1,0
"1507140749293349","1507141034199407",8/25/2015 10:03:16,"LPI",7/14/2015 0:00:00,"Rachel Renne","Ashley Woolman",,,"240",1,25,50.00,"cm","ad hoc","cm",1,"Dead",23,5,6,46.00,10.00,12.00,22.58,21.73,10.00,0,1,0.00,4.00,0.00,,0.00,0.00,0.00,0.00,0.00,42,22,20,18,7,11,84.00,44.00,40.00,36.00,14.00,22.00,0,8.20,31.70,1,0
"1507021051281146","1507150923037168",9/14/2015 15:01:09,"LPI",6/30/2015 0:00:00,"Sarah Schmid Chand","Martha Sample","Martha Sample","Jennifer Howland","240",1,25,50.00,"cm","ad hoc","cm",1,"Dead",39,5,0,78.00,10.00,0.00,13.79,10.25,8.00,0,1,0.00,0.00,0.00,"PG05 =  PF04 =  PG07 =  ",0.00,0.00,0.00,0.00,0.00,31,6,25,26,5,21,62.00,12.00,50.00,52.00,10.00,42.00,0,44.83,38.30,1,0
"1507161135401541","1507161345581434",9/18/2015 10:02:07,"LPI",7/16/2015 0:00:00,"Sarah Schmid Chand","Martha Sample",,,"0",1,25,50.00,"cm","ad hoc","cm",1,"Dead",45,1,2,90.00,2.00,4.00,3.33,2.22,2.00,0,1,0.00,0.00,0.00,"",0.00,0.00,0.00,0.00,0.00,46,4,42,42,3,39,92.00,8.00,84.00,84.00,6.00,78.00,0,30.00,33.40,1,0
"150716113540585","1507161429446670",9/18/2015 10:02:43,"LPI",7/16/2015 0:00:00,"Sarah Schmid Chand","Martha Sample",,,"120",1,25,50.00,"cm","ad hoc","cm",1,"Dead",39,4,2,78.00,8.00,4.00,7.14,2.56,2.00,0,1,0.00,0.00,0.00,"AF200 =  PG200 =  ",0.00,0.00,0.00,0.00,0.00,37,7,30,34,6,28,74.00,14.00,60.00,68.00,12.00,56.00,0,41.00,34.60,1,0
"1507161135404537","1507161520242963",9/18/2015 10:03:11,"LPI",7/16/2015 0:00:00,"Sarah Schmid Chand","Martha Sample",,,"240",1,25,50.00,"cm","ad hoc","cm",1,"Dead",44,1,1,88.00,2.00,2.00,1.56,0.00,0.00,0,1,0.00,0.00,0.00,"PF200 =  PG201 =  PG200 =  ",0.00,0.00,0.00,0.00,0.00,41,5,36,38,3,35,82.00,10.00,72.00,76.00,6.00,70.00,0,20.00,36.60,1,0
"1507170955428303","1507171024383602",9/18/2015 9:41:54,"LPI",7/17/2015 0:00:00,"Martha Sample","Sarah Schmid Chand",,,"0",1,25,50.00,"cm","ad hoc","cm",1,"Dead",34,4,4,68.00,8.00,8.00,22.80,17.64,12.00,0,1,0.00,2.00,0.00,"PG203 =  ",0.00,0.00,0.00,0.00,0.00,39,12,27,32,9,23,78.00,24.00,54.00,64.00,18.00,46.00,0,20.71,30.20,1,0
"1507170955429091","150717112146982",9/18/2015 9:42:21,"LPI",7/17/2015 0:00:00,"Martha Sample","Sarah Schmid Chand",,,"120",1,25,50.00,"cm","ad hoc","cm",1,"Dead",38,3,6,76.00,6.00,12.00,20.68,18.42,14.00,0,1,0.00,4.00,0.00,"PG203 =  ",0.00,0.00,0.00,0.00,0.00,42,9,33,29,5,24,84.00,18.00,66.00,58.00,10.00,48.00,0,17.40,39.50,1,0
"1507170955424072","1507171217165431",9/18/2015 9:42:49,"LPI",7/17/2015 0:00:00,"Martha Sample","Sarah Schmid Chand",,,"240",1,25,50.00,"cm","ad hoc","cm",1,"Dead",31,10,8,62.00,20.00,16.00,11.11,12.90,8.00,0,1,0.00,0.00,0.00,"PG203 =  ",0.00,0.00,0.00,0.00,0.00,32,9,23,19,7,12,64.00,18.00,46.00,38.00,14.00,24.00,0,18.50,25.30,1,0
"1507181036323298","1507181037375526",9/18/2015 9:51:31,"LPI",7/18/2015 0:00:00,"Sarah Schmid Chand","Martha Sample",,,"0",1,25,50.00,"cm","ad hoc","cm",1,"Dead",44,2,12,88.00,4.00,24.00,17.33,18.18,16.00,0,1,0.00,2.00,0.00,"",0.00,0.00,0.00,0.00,0.00,36,4,32,22,2,20,72.00,8.00,64.00,44.00,4.00,40.00,0,15.14,39.80,1,0
"1507181036329226","1507181115398297",9/18/2015 9:52:49,"LPI",7/18/2015 0:00:00,"Sarah Schmid Chand","Martha Sample",,,"120",1,25,50.00,"cm","ad hoc","cm",1,"Dead",45,2,14,90.00,4.00,28.00,25.88,17.77,16.00,0,1,0.00,10.00,0.00,"",0.00,0.00,0.00,0.00,0.00,36,3,33,19,2,17,72.00,6.00,66.00,38.00,4.00,34.00,0,12.22,39.40,1,0
"1507181036323178","1507181154261360",9/18/2015 9:53:13,"LPI",7/18/2015 0:00:00,"Sarah Schmid Chand","Martha Sample",,,"240",1,25,50.00,"cm","ad hoc","cm",1,"Dead",42,4,11,84.00,8.00,22.00,29.72,38.09,32.00,0,1,0.00,4.00,0.00,"",0.00,0.00,0.00,0.00,0.00,34,4,30,22,3,19,68.00,8.00,60.00,44.00,6.00,38.00,0,15.83,46.60,1,0
"150719101122236","1507191039283578",10/13/2015 15:05:33,"LPI",7/19/2015 0:00:00,"Martha Sample","Sarah Schmid Chand",,,"0",1,25,50.00,"cm","ad hoc","cm",1,"Dead",35,7,6,70.00,14.00,12.00,14.58,11.42,8.00,0,1,0.00,2.00,0.00,"PF214 =  ",0.00,0.00,0.00,0.00,0.00,31,8,23,16,4,12,62.00,16.00,46.00,32.00,8.00,24.00,0,8.57,26.30,1,0
"1507191011224140","1507191120176246",10/13/2015 15:06:04,"LPI",7/19/2015 0:00:00,"Martha Sample","Sarah Schmid Chand",,"Jennifer Howland","0",1,25,50.00,"cm","ad hoc","cm",1,"Dead",39,2,8,78.00,4.00,16.00,40.62,41.02,34.00,0,1,0.00,6.00,0.00,"PF214 =  PG07 =  ",0.00,0.00,0.00,0.00,0.00,41,9,32,30,8,22,82.00,18.00,64.00,60.00,16.00,44.00,0,19.28,30.90,1,0
"1507191011229119","150719115928534",10/13/2015 15:10:42,"LPI",7/19/2015 0:00:00,"Martha Sample","Sarah Schmid Chand",,,"0",1,25,50.00,"cm","ad hoc","cm",1,"Dead",39,6,6,78.00,12.00,12.00,25.42,23.07,18.00,0,1,0.00,2.00,0.00,"PF214 =  PF211 =  ",0.00,0.00,0.00,0.00,0.00,37,5,32,29,4,25,74.00,10.00,64.00,58.00,8.00,50.00,0,18.16,29.60,1,0
"150720130150470","1507201305218923",9/18/2015 9:47:48,"LPI",7/20/2015 0:00:00,"Sarah Schmid Chand","Martha Sample",,,"0",1,25,50.00,"cm","ad hoc","cm",1,"Dead",27,17,5,54.00,34.00,10.00,37.83,37.03,20.00,0,1,0.00,6.00,0.00,"PF216 =  ",0.00,0.00,0.00,0.00,0.00,27,6,21,20,5,15,54.00,12.00,42.00,40.00,10.00,30.00,0,17.80,28.00,1,0
"1507201301506464","1507201348434148",9/18/2015 9:48:24,"LPI",7/20/2015 0:00:00,"Sarah Schmid Chand","Martha Sample",,,"120",1,25,50.00,"cm","ad hoc","cm",1,"Dead",29,13,3,58.00,26.00,6.00,16.21,17.24,10.00,0,1,0.00,0.00,0.00,"",0.00,0.00,0.00,0.00,0.00,30,8,22,24,6,18,60.00,16.00,44.00,48.00,12.00,36.00,0,24.50,32.70,1,0
"1507201301506744","1507201411088899",7/20/2015 14:42:46,"LPI",7/20/2015 0:00:00,"Sarah Schmid Chand","Martha Sample",,,"240",1,25,50.00,"cm","ad hoc","cm",1,"Dead",27,14,4,54.00,28.00,8.00,10.81,11.11,6.00,0,1,0.00,2.00,0.00,"",0.00,0.00,0.00,0.00,0.00,29,9,20,24,9,15,58.00,18.00,40.00,48.00,18.00,30.00,0,17.83,37.70,1,0
"1507211024056525","1507211034443572",12/2/2015 15:55:35,"LPI",7/21/2015 0:00:00,"Martha Sample","Sarah Schmid Chand",,,"0",1,25,50.00,"cm","ad hoc","cm",1,"Dead",30,9,1,60.00,18.00,2.00,10.81,10.00,6.00,0,1,0.00,0.00,0.00,"PF220 =  ",0.00,0.00,0.00,0.00,0.00,34,11,23,33,11,22,68.00,22.00,46.00,66.00,22.00,44.00,0,38.71,24.80,1,0
"1507211024053859","1507211127206491",12/2/2015 15:56:24,"LPI",7/21/2015 0:00:00,"Martha Sample","Sarah Schmid Chand",,,"0",1,25,50.00,"cm","ad hoc","cm",1,"Dead",27,11,6,54.00,22.00,12.00,25.71,25.92,14.00,0,1,0.00,4.00,0.00,"AF02 =  AF01 =  PF217 =  ",0.00,0.00,0.00,0.00,0.00,29,12,17,18,7,11,58.00,24.00,34.00,36.00,14.00,22.00,0,17.00,29.00,1,0
"1507211024055594","1507211154443596",12/2/2015 15:57:20,"LPI",7/21/2015 0:00:00,"Martha Sample","Sarah Schmid Chand",,,"0",1,25,50.00,"cm","ad hoc","cm",1,"Dead",19,14,4,38.00,28.00,8.00,26.92,26.31,10.00,0,1,0.00,0.00,0.00,"",0.00,0.00,0.00,0.00,0.00,30,17,13,14,5,9,60.00,34.00,26.00,28.00,10.00,18.00,0,21.00,27.90,1,0
"1507211857113630","1507220903417080",7/22/2015 11:21:16,"LPI",7/22/2015 0:00:00,"Sarah Schmid Chand","Martha Sample",,,"0",1,25,50.00,"cm","ad hoc","cm",1,"Dead",31,13,2,62.00,26.00,4.00,13.15,9.67,6.00,0,1,0.00,0.00,0.00,"",0.00,0.00,0.00,0.00,0.00,25,6,19,23,6,17,50.00,12.00,38.00,46.00,12.00,34.00,0,15.42,38.80,1,0
"150721185711804","1507220934512849",7/22/2015 9:52:00,"LPI",7/22/2015 0:00:00,"Sarah Schmid Chand","Martha Sample",,,"120",1,25,50.00,"cm","ad hoc","cm",1,"Dead",29,13,2,58.00,26.00,4.00,17.94,17.24,10.00,0,1,0.00,0.00,0.00,"",0.00,0.00,0.00,0.00,0.00,28,8,20,26,8,18,56.00,16.00,40.00,52.00,16.00,36.00,0,18.12,48.80,1,0
"1507211857114756","1507221000077218",7/22/2015 10:18:48,"LPI",7/22/2015 0:00:00,"Sarah Schmid Chand","Martha Sample",,,"240",1,25,50.00,"cm","ad hoc","cm",1,"Dead",32,15,5,64.00,30.00,10.00,18.18,12.50,8.00,0,1,0.00,2.00,0.00,"",0.00,0.00,0.00,0.00,0.00,24,3,21,19,3,16,48.00,6.00,42.00,38.00,6.00,32.00,0,18.00,36.80,1,0
"1507221753355151","1507230655513564",8/25/2015 10:17:06,"LPI",7/23/2015 0:00:00,"Rachel Renne","Ashley Woolman",,,"0",1,25,50.00,"cm","ad hoc","cm",1,"Dead",29,5,6,58.00,10.00,12.00,10.25,10.34,6.00,0,1,0.00,2.00,0.00,,0.00,0.00,0.00,0.00,0.00,43,16,27,38,15,23,86.00,32.00,54.00,76.00,30.00,46.00,0,14.77,36.70,1,0
"1507221753354358","150723071846878",8/25/2015 10:17:47,"LPI",7/23/2015 0:00:00,"Rachel Renne","Ashley Woolman",,,"120",1,25,50.00,"cm","ad hoc","cm",1,"Dead",32,5,4,64.00,10.00,8.00,2.50,3.12,2.00,0,1,0.00,0.00,0.00,,0.00,0.00,0.00,0.00,0.00,35,13,22,30,12,18,70.00,26.00,44.00,60.00,24.00,36.00,0,21.33,36.30,1,0
"1507221753358310","1507230752522884",8/25/2015 10:18:49,"LPI",7/23/2015 0:00:00,"Rachel Renne","Ashley Woolman",,,"240",1,25,50.00,"cm","ad hoc","cm",1,"Dead",33,7,1,66.00,14.00,2.00,2.56,3.03,2.00,0,1,0.00,0.00,0.00,,0.00,0.00,0.00,0.00,0.00,37,10,27,35,9,26,74.00,20.00,54.00,70.00,18.00,52.00,0,21.66,36.90,1,0
"1507231044191845","1507231247397019",8/25/2015 10:33:52,"LPI",7/23/2015 0:00:00,"Ashley Woolman","Rachel Renne",,,"0",1,25,50.00,"cm","ad hoc","cm",1,"Dead",32,5,3,64.00,10.00,6.00,13.88,9.37,6.00,0,1,0.00,4.00,0.00,"",0.00,0.00,0.00,0.00,0.00,41,13,28,33,11,22,82.00,26.00,56.00,66.00,22.00,44.00,0,17.80,23.80,1,0
"1507231044193148","1507231335499747",9/1/2015 12:41:05,"LPI",7/23/2015 0:00:00,"Ashley Woolman","Rachel Renne",,,"120",1,25,50.00,"cm","ad hoc","cm",1,"Dead",31,5,4,62.00,10.00,8.00,5.12,3.22,2.00,0,1,0.00,2.00,0.00,,0.00,0.00,0.00,0.00,0.00,42,14,28,28,8,20,84.00,28.00,56.00,56.00,16.00,40.00,0,26.20,30.60,1,0
"1507231044195899","1507231411456492",8/25/2015 10:35:09,"LPI",7/23/2015 0:00:00,"Ashley Woolman","Rachel Renne",,,"240",1,25,50.00,"cm","ad hoc","cm",1,"Dead",30,9,2,60.00,18.00,4.00,0.00,0.00,0.00,0,1,0.00,0.00,0.00,,0.00,0.00,0.00,0.00,0.00,35,11,24,32,10,22,70.00,22.00,48.00,64.00,20.00,44.00,0,13.33,43.60,1,0
"1507240603597376","1507240907077012",9/1/2015 12:40:37,"LPI",7/24/2015 0:00:00,"Rachel Renne","Ashley Woolman",,,"0",1,25,50.00,"cm","ad hoc","cm",1,"Dead",43,5,7,86.00,10.00,14.00,3.17,4.65,4.00,0,1,0.00,0.00,0.00,,0.00,0.00,0.00,0.00,0.00,42,2,40,35,2,33,84.00,4.00,80.00,70.00,4.00,66.00,0,37.44,61.22,1,0
"1507240603591377","1507240954052555",9/1/2015 13:41:18,"LPI",7/24/2015 0:00:00,"Rachel Renne","Ashley Woolman",,,"120",1,25,50.00,"cm","ad hoc","cm",1,"Dead",41,0,2,82.00,0.00,4.00,17.85,17.07,14.00,0,1,0.00,4.00,0.00,,0.00,0.00,0.00,0.00,0.00,50,9,41,44,8,36,100.00,18.00,82.00,88.00,16.00,72.00,0,55.22,69.11,1,0
"1507240603595328","1507241035041783",8/25/2015 11:04:55,"LPI",7/24/2015 0:00:00,"Rachel Renne","Ashley Woolman",,,"240",1,25,50.00,"cm","ad hoc","cm",1,"Dead",34,9,2,68.00,18.00,4.00,6.00,5.88,4.00,0,1,0.00,0.00,0.00,,0.00,0.00,0.00,0.00,0.00,31,7,24,29,7,22,62.00,14.00,48.00,58.00,14.00,44.00,0,31.16,57.80,1,0
"1507241816227625","1507250750116192",8/25/2015 13:32:40,"LPI",7/25/2015 0:00:00,"Ashley Woolman","Rachel Renne",,,"0",1,25,50.00,"cm","ad hoc","cm",1,"Dead",30,9,8,60.00,18.00,16.00,7.14,6.66,4.00,0,1,0.00,0.00,0.00,,0.00,0.00,0.00,0.00,0.00,38,11,27,28,8,20,76.00,22.00,54.00,56.00,16.00,40.00,0,15.50,29.90,1,0
"1507241816224856","1507250829373568",8/25/2015 13:31:12,"LPI",7/25/2015 0:00:00,"Ashley Woolman","Rachel Renne",,,"120",1,25,50.00,"cm","ad hoc","cm",1,"Dead",29,11,2,58.00,22.00,4.00,2.77,3.44,2.00,0,1,0.00,0.00,0.00,,0.00,0.00,0.00,0.00,0.00,33,10,23,28,6,22,66.00,20.00,46.00,56.00,12.00,44.00,0,15.14,39.60,1,0
"1507241816223000","1507250906561485",8/25/2015 13:31:56,"LPI",7/25/2015 0:00:00,"Ashley Woolman","Rachel Renne",,,"240",1,25,50.00,"cm","ad hoc","cm",1,"Dead",30,10,3,60.00,20.00,6.00,12.82,10.00,6.00,0,1,0.00,4.00,0.00,"",0.00,0.00,0.00,0.00,0.00,35,10,25,32,9,23,70.00,20.00,50.00,64.00,18.00,46.00,0,12.75,33.70,1,0
"1507251411216835","1507251420031764",8/25/2015 13:51:00,"LPI",7/25/2015 0:00:00,"Rachel Renne","Ashley Woolman",,,"0",1,25,50.00,"cm","ad hoc","cm",1,"Dead",27,11,4,54.00,22.00,8.00,7.89,11.11,6.00,0,1,0.00,0.00,0.00,,0.00,0.00,0.00,0.00,0.00,35,12,23,28,11,17,70.00,24.00,46.00,56.00,22.00,34.00,0,21.11,37.50,1,0
"150725141121788","1507251455065931",8/25/2015 13:51:42,"LPI",7/25/2015 0:00:00,"Rachel Renne","Ashley Woolman",,,"120",1,25,50.00,"cm","ad hoc","cm",1,"Dead",26,11,4,52.00,22.00,8.00,11.76,11.53,6.00,0,1,0.00,0.00,0.00,,0.00,0.00,0.00,0.00,0.00,34,13,21,27,9,18,68.00,26.00,42.00,54.00,18.00,36.00,0,17.60,30.80,1,0
"1507251411218930","1507251514372618",8/25/2015 13:52:21,"LPI",7/25/2015 0:00:00,"Rachel Renne","Ashley Woolman",,,"240",1,25,50.00,"cm","ad hoc","cm",1,"Dead",34,13,1,68.00,26.00,2.00,6.97,8.82,6.00,0,1,0.00,0.00,0.00,,0.00,0.00,0.00,0.00,0.00,26,3,23,25,3,22,52.00,6.00,46.00,50.00,6.00,44.00,0,14.11,31.00,1,0
"1507251807246913","1507260759028244",8/25/2015 14:14:18,"LPI",7/26/2015 0:00:00,"Ashley Woolman","Rachel Renne",,,"0",1,25,50.00,"cm","ad hoc","cm",1,"Dead",29,5,4,58.00,10.00,8.00,2.50,0.00,0.00,0,1,0.00,0.00,0.00,,0.00,0.00,0.00,0.00,0.00,44,16,28,34,10,24,88.00,32.00,56.00,68.00,20.00,48.00,0,17.70,37.30,1,0
"1507251807245497","1507260847124276",8/25/2015 14:15:13,"LPI",7/26/2015 0:00:00,"Ashley Woolman","Rachel Renne",,,"120",1,25,50.00,"cm","ad hoc","cm",1,"Dead",29,10,6,58.00,20.00,12.00,2.63,0.00,0.00,0,1,0.00,0.00,0.00,"",0.00,0.00,0.00,0.00,0.00,37,11,26,31,9,22,74.00,22.00,52.00,62.00,18.00,44.00,0,13.11,39.30,1,0
"1507251807249448","1507260925105267",8/25/2015 14:16:22,"LPI",7/26/2015 0:00:00,"Ashley Woolman","Rachel Renne",,,"240",1,25,50.00,"cm","ad hoc","cm",1,"Dead",24,5,3,48.00,10.00,6.00,0.00,0.00,0.00,0,1,0.00,0.00,0.00,,0.00,0.00,0.00,0.00,0.00,44,21,23,29,9,20,88.00,42.00,46.00,58.00,18.00,40.00,0,8.62,36.66,1,0
"1507261606481676","15072616075562",8/25/2015 14:31:49,"LPI",7/26/2015 0:00:00,"Rachel Renne","Ashley Woolman",,,"0",1,25,50.00,"cm","ad hoc","cm",1,"Dead",16,10,0,32.00,20.00,0.00,0.00,0.00,0.00,0,1,0.00,0.00,0.00,"",0.00,0.00,0.00,0.00,0.00,39,24,15,27,15,12,78.00,48.00,30.00,54.00,30.00,24.00,0,16.28,24.90,1,0
"1507261606488329","1507261632484849",8/25/2015 14:32:33,"LPI",7/26/2015 0:00:00,"Rachel Renne","Ashley Woolman",,,"120",1,25,50.00,"cm","ad hoc","cm",1,"Dead",36,8,6,72.00,16.00,12.00,12.76,11.11,8.00,0,1,0.00,2.00,0.00,,0.00,0.00,0.00,0.00,0.00,41,6,35,29,5,24,82.00,12.00,70.00,58.00,10.00,48.00,0,10.71,26.20,1,0
"1507261606484764","1507261658566110",8/25/2015 14:33:24,"LPI",7/26/2015 0:00:00,"Rachel Renne","Ashley Woolman",,,"240",1,25,50.00,"cm","ad hoc","cm",1,"Dead",18,17,3,36.00,34.00,6.00,12.50,11.11,4.00,0,1,0.00,2.00,0.00,"",0.00,0.00,0.00,0.00,0.00,31,15,16,18,6,12,62.00,30.00,32.00,36.00,12.00,24.00,0,11.83,20.42,1,0
"1507271151359529","1507271157427026",9/18/2015 9:57:46,"LPI",7/27/2015 0:00:00,"Sarah Schmid Chand","Jennifer Howland",,,"0",1,25,50.00,"cm","ad hoc","cm",1,"Dead",33,11,1,66.00,22.00,2.00,33.33,33.33,22.00,0,1,0.00,0.00,0.00,"",0.00,0.00,0.00,0.00,0.00,28,6,22,26,6,20,56.00,12.00,44.00,52.00,12.00,40.00,0,24.33,32.10,1,0
"1507271151358573","1507271246502447",9/18/2015 9:58:07,"LPI",7/27/2015 0:00:00,"Sarah Schmid Chand","Jennifer Howland",,,"0",1,25,50.00,"cm","ad hoc","cm",1,"Dead",36,7,2,72.00,14.00,4.00,31.91,27.77,20.00,0,1,0.00,4.00,0.00,"",0.00,0.00,0.00,0.00,0.00,35,7,28,34,7,27,70.00,14.00,56.00,68.00,14.00,54.00,0,26.87,35.40,1,0
"1507270940454812","1507271345174589",9/1/2015 12:41:19,"LPI",7/27/2015 0:00:00,"Ashley Woolman","Rachel Renne",,,"0",1,25,50.00,"cm","ad hoc","cm",1,"Dead",37,8,3,74.00,16.00,6.00,2.00,0.00,0.00,0,1,0.00,0.00,0.00,"",0.00,0.00,0.00,0.00,0.00,39,5,34,39,5,34,78.00,10.00,68.00,78.00,10.00,68.00,0,15.70,40.72,1,0
"1507271151352525","1507271402597156",9/18/2015 9:58:27,"LPI",7/27/2015 0:00:00,"Sarah Schmid Chand","Jennifer Howland",,,"0",1,25,50.00,"cm","ad hoc","cm",1,"Dead",38,5,2,76.00,10.00,4.00,24.00,23.68,18.00,0,1,0.00,0.00,0.00,"AF200 =  AG200 =  PG204 =  ",0.00,0.00,0.00,0.00,0.00,36,7,29,34,7,27,72.00,14.00,58.00,68.00,14.00,54.00,0,27.00,31.80,1,0
"1507270940451709","1507271517456978",8/25/2015 14:49:40,"LPI",7/27/2015 0:00:00,"Ashley Woolman","Rachel Renne",,,"120",1,25,50.00,"cm","ad hoc","cm",1,"Dead",30,10,2,60.00,20.00,4.00,0.00,0.00,0.00,0,1,0.00,0.00,0.00,,0.00,0.00,0.00,0.00,0.00,27,10,17,20,5,15,54.00,20.00,34.00,40.00,10.00,30.00,0,8.70,38.60,1,0
"1507270940459933","1507271557362176",9/1/2015 13:47:52,"LPI",7/27/2015 0:00:00,"Ashley Woolman","Rachel Renne",,,"240",1,25,50.00,"cm","ad hoc","cm",1,"Dead",25,18,2,50.00,36.00,4.00,0.00,0.00,0.00,0,1,0.00,0.00,0.00,"",0.00,0.00,0.00,0.00,0.00,26,7,19,24,7,17,52.00,14.00,38.00,48.00,14.00,34.00,0,12.00,35.75,1,0
"1507280832578240","1507281102349214",12/2/2015 16:03:13,"LPI",7/28/2015 0:00:00,"Rachel Renne","Ashley Woolman",,,"0",1,25,50.00,"cm","ad hoc","cm",1,"Dead",20,0,7,40.00,0.00,14.00,3.70,5.00,2.00,0,1,0.00,0.00,0.00,,0.00,0.00,0.00,0.00,0.00,50,30,20,15,7,8,100.00,60.00,40.00,30.00,14.00,16.00,0,8.66,28.10,1,0
"1507280832577630","150728113554629",8/25/2015 15:15:14,"LPI",7/28/2015 0:00:00,"Rachel Renne","Ashley Woolman",,,"120",1,25,50.00,"cm","ad hoc","cm",1,"Dead",35,1,2,70.00,2.00,4.00,10.00,8.57,6.00,0,1,0.00,2.00,0.00,"",0.00,0.00,0.00,0.00,0.00,48,14,34,32,10,22,96.00,28.00,68.00,64.00,20.00,44.00,0,16.75,31.80,1,0
"1507281135544313","15072811382058",10/14/2015 10:02:01,"LPI",7/28/2015 0:00:00,"Sarah Schmid Chand","Jennifer Howland",,,"0",1,25,50.00,"cm","ad hoc","cm",1,"Dead",37,4,2,74.00,8.00,4.00,52.17,45.94,34.00,0,1,0.00,4.00,0.00,"",0.00,0.00,0.00,0.00,0.00,32,9,23,30,9,21,64.00,18.00,46.00,60.00,18.00,42.00,0,26.00,35.30,1,0
"1507280832575855","1507281159342037",8/25/2015 15:14:33,"LPI",7/28/2015 0:00:00,"Rachel Renne","Ashley Woolman",,,"240",1,25,50.00,"cm","ad hoc","cm",1,"Dead",18,1,1,36.00,2.00,2.00,0.00,0.00,0.00,0,1,0.00,0.00,0.00,,0.00,0.00,0.00,0.00,0.00,48,31,17,23,10,13,96.00,62.00,34.00,46.00,20.00,26.00,0,17.55,29.80,1,0
"1507281135542733","1507281208409820",7/28/2015 14:32:38,"LPI",7/28/2015 0:00:00,"Sarah Schmid Chand","Jennifer Howland",,,"0",1,25,50.00,"cm","ad hoc","cm",1,"Dead",34,7,8,68.00,14.00,16.00,47.27,29.41,20.00,0,1,0.00,12.00,0.00,"",0.00,0.00,0.00,0.00,0.00,31,9,22,25,8,17,62.00,18.00,44.00,50.00,16.00,34.00,0,24.62,34.50,1,0
"1507281135546685","1507281258133751",7/28/2015 14:30:03,"LPI",7/28/2015 0:00:00,"Sarah Schmid Chand","Jennifer Howland",,,"0",1,25,50.00,"cm","ad hoc","cm",1,"Dead",29,13,4,58.00,26.00,8.00,33.33,31.03,18.00,0,1,0.00,0.00,0.00,"",0.00,0.00,0.00,0.00,0.00,26,8,18,21,8,13,52.00,16.00,36.00,42.00,16.00,26.00,0,26.50,38.30,1,0
"1507291001386903","1507291002439813",10/14/2015 9:47:44,"LPI",7/29/2015 0:00:00,"Sarah Schmid Chand","Jennifer Howland",,,"0",1,25,50.00,"cm","ad hoc","cm",1,"Dead",30,13,3,60.00,26.00,6.00,31.57,23.33,14.00,0,1,0.00,4.00,0.00,"",0.00,0.00,0.00,0.00,0.00,25,7,18,20,6,14,50.00,14.00,36.00,40.00,12.00,28.00,0,19.16,35.10,1,0
"1507291001384701","1507291440274252",10/14/2015 9:48:19,"LPI",7/29/2015 0:00:00,"Sarah Schmid Chand","Jennifer Howland",,,"0",1,25,50.00,"cm","ad hoc","cm",1,"Dead",34,8,3,68.00,16.00,6.00,22.72,20.58,14.00,0,1,0.00,0.00,0.00,"",0.00,0.00,0.00,0.00,0.00,31,8,23,27,7,20,62.00,16.00,46.00,54.00,14.00,40.00,0,28.66,29.80,1,0
"1507291001388652","150729151307565",10/14/2015 9:55:19,"LPI",7/29/2015 0:00:00,"Sarah Schmid Chand","Jennifer Howland",,,"240",1,25,50.00,"cm","ad hoc","cm",1,"Dead",23,14,0,46.00,28.00,0.00,14.28,13.04,6.00,0,1,0.00,0.00,0.00,"",0.00,0.00,0.00,0.00,0.00,26,13,13,25,12,13,52.00,26.00,26.00,50.00,24.00,26.00,0,20.33,38.10,1,0
"150804134845722","1508041352564797",9/18/2015 10:06:56,"LPI",8/4/2015 0:00:00,"Sarah Schmid Chand","Jennifer Howland",,,"0",1,25,50.00,"cm","ad hoc","cm",1,"Dead",29,17,2,58.00,34.00,4.00,9.75,10.34,6.00,0,1,0.00,0.00,0.00,"PG206 =  ",0.00,0.00,0.00,0.00,0.00,20,4,16,16,2,14,40.00,8.00,32.00,32.00,4.00,28.00,0,38.75,36.30,1,0
"1508041348459765","1508041451213963",9/18/2015 10:07:10,"LPI",8/4/2015 0:00:00,"Sarah Schmid Chand","Jennifer Howland",,,"120",1,25,50.00,"cm","ad hoc","cm",1,"Dead",33,13,3,66.00,26.00,6.00,22.72,21.21,14.00,0,1,0.00,4.00,0.00,"",0.00,0.00,0.00,0.00,0.00,31,4,27,28,4,24,62.00,8.00,54.00,56.00,8.00,48.00,0,29.00,31.50,1,0
"1508041456356771","1508041516569552",8/26/2015 8:31:17,"LPI",8/4/2015 0:00:00,"Rachel Renne","Ashley Woolman",,,"0",1,25,50.00,"cm","ad hoc","cm",1,"Dead",23,15,2,46.00,30.00,4.00,10.34,4.34,2.00,0,1,0.00,2.00,0.00,,0.00,0.00,0.00,0.00,0.00,29,12,17,21,6,15,58.00,24.00,34.00,42.00,12.00,30.00,0,13.88,51.83,1,0
"1508041348453718","1508041517103282",9/18/2015 10:07:25,"LPI",8/4/2015 0:00:00,"Sarah Schmid Chand","Jennifer Howland",,,"240",1,25,50.00,"cm","ad hoc","cm",1,"Dead",34,9,3,68.00,18.00,6.00,19.56,17.64,12.00,0,1,0.00,0.00,0.00,"AF02 =  AF01 =  ",0.00,0.00,0.00,0.00,0.00,32,7,25,28,7,21,64.00,14.00,50.00,56.00,14.00,42.00,0,26.62,35.40,1,0
"150804145635830","1508041619162985",8/26/2015 8:32:03,"LPI",8/4/2015 0:00:00,"Rachel Renne","Ashley Woolman",,,"120",1,25,50.00,"cm","ad hoc","cm",1,"Dead",34,4,2,68.00,8.00,4.00,11.90,11.76,8.00,0,1,0.00,2.00,0.00,,0.00,0.00,0.00,0.00,0.00,41,12,29,37,10,27,82.00,24.00,58.00,74.00,20.00,54.00,0,15.70,31.44,1,0
"1508041456354782","1508041653306233",8/26/2015 8:33:25,"LPI",8/4/2015 0:00:00,"Rachel Renne","Ashley Woolman",,,"240",1,25,50.00,"cm","ad hoc","cm",1,"Dead",24,13,0,48.00,26.00,0.00,3.70,4.16,2.00,0,1,0.00,0.00,0.00,,0.00,0.00,0.00,0.00,0.00,25,13,12,22,10,12,50.00,26.00,24.00,44.00,20.00,24.00,0,10.11,28.70,1,0
"1508050814489106","150805081805553",8/12/2015 15:33:28,"LPI",8/5/2015 0:00:00,"Sarah Schmid Chand","Jennifer Howland",,,"0",1,25,50.00,"cm","ad hoc","cm",1,"Dead",27,9,1,54.00,18.00,2.00,15.15,18.51,10.00,0,1,0.00,0.00,0.00,"",0.00,0.00,0.00,0.00,0.00,34,14,20,33,14,19,68.00,28.00,40.00,66.00,28.00,38.00,0,49.25,48.70,1,0
"1508050814494512","1508050907269702",8/12/2015 15:37:16,"LPI",8/5/2015 0:00:00,"Sarah Schmid Chand","Jennifer Howland","Martha Sample","Jennifer Howland","120",1,25,50.00,"cm","ad hoc","cm",1,"Dead",25,12,5,50.00,24.00,10.00,22.22,20.00,10.00,0,1,0.00,2.00,0.00,"PG05 =  ",0.00,0.00,0.00,0.00,0.00,33,13,20,28,13,15,66.00,26.00,40.00,56.00,26.00,30.00,0,42.66,41.40,1,0
"1508050814498464","1508050917031092",8/12/2015 15:37:40,"LPI",8/5/2015 0:00:00,"Sarah Schmid Chand","Jennifer Howland",,,"0",1,25,50.00,"cm","ad hoc","cm",1,"Dead",17,13,2,34.00,26.00,4.00,13.04,0.00,0.00,0,1,0.00,0.00,0.00,"",0.00,0.00,0.00,0.00,0.00,36,20,16,35,20,15,72.00,40.00,32.00,70.00,40.00,30.00,0,32.71,23.10,1,0
"1508042120071843","1508051257417081",8/26/2015 9:19:02,"LPI",8/5/2015 0:00:00,"Ashley Woolman","Rachel Renne",,,"0",1,25,50.00,"cm","ad hoc","cm",1,"Dead",44,0,4,88.00,0.00,8.00,7.69,4.54,4.00,0,1,0.00,2.00,0.00,,0.00,0.00,0.00,0.00,0.00,47,6,41,36,4,32,94.00,12.00,82.00,72.00,8.00,64.00,0,22.55,34.30,1,0
"150804212007675","1508051342455706",9/11/2015 12:47:06,"LPI",8/5/2015 0:00:00,"Ashley Woolman","Rachel Renne",,,"120",1,25,50.00,"cm","ad hoc","cm",1,"Dead",46,0,2,92.00,0.00,4.00,4.54,2.17,2.00,0,1,0.00,0.00,0.00,,0.00,0.00,0.00,0.00,0.00,45,4,41,41,4,37,90.00,8.00,82.00,82.00,8.00,74.00,0,29.40,35.50,1,0
"1508042120071463","150805143538456",8/26/2015 9:20:30,"LPI",8/5/2015 0:00:00,"Ashley Woolman","Rachel Renne",,,"240",1,25,50.00,"cm","ad hoc","cm",1,"Dead",46,0,3,92.00,0.00,6.00,6.66,6.52,6.00,0,1,0.00,0.00,0.00,,0.00,0.00,0.00,0.00,0.00,49,4,45,47,4,43,98.00,8.00,90.00,94.00,8.00,86.00,0,25.80,33.40,1,0
"1508051436227086","1508051438099098",9/18/2015 10:05:16,"LPI",8/5/2015 0:00:00,"Sarah Schmid Chand","Jennifer Howland",,,"0",1,25,50.00,"cm","ad hoc","cm",1,"Dead",34,5,6,68.00,10.00,12.00,26.53,23.52,16.00,0,1,0.00,2.00,0.00,"",0.00,0.00,0.00,0.00,0.00,35,11,24,29,11,18,70.00,22.00,48.00,58.00,22.00,36.00,0,36.60,56.30,1,0
"1508051436224883","150805150530906",9/18/2015 10:05:32,"LPI",8/5/2015 0:00:00,"Sarah Schmid Chand","Jennifer Howland",,,"120",1,25,50.00,"cm","ad hoc","cm",1,"Dead",37,2,7,74.00,4.00,14.00,36.92,16.21,12.00,0,1,0.00,12.00,0.00,"AG200 =  ",0.00,0.00,0.00,0.00,0.00,43,11,32,40,11,29,86.00,22.00,64.00,80.00,22.00,58.00,0,38.00,65.60,1,0
"1508051436228835","1508051533561883",9/18/2015 10:05:47,"LPI",8/5/2015 0:00:00,"Sarah Schmid Chand","Jennifer Howland",,,"240",1,25,50.00,"cm","ad hoc","cm",1,"Dead",37,4,2,74.00,8.00,4.00,25.92,24.32,18.00,0,1,0.00,0.00,0.00,"AF202 =  AF201 =  ",0.00,0.00,0.00,0.00,0.00,39,9,30,39,9,30,78.00,18.00,60.00,78.00,18.00,60.00,0,23.83,48.40,1,0
"1508060813213082","150806081504873",8/6/2015 8:34:48,"LPI",8/6/2015 0:00:00,"Sarah Schmid Chand","Jennifer Howland",,,"0",1,25,50.00,"cm","ad hoc","cm",1,"Dead",32,14,0,64.00,28.00,0.00,40.54,34.37,22.00,0,1,0.00,0.00,0.00,"",0.00,0.00,0.00,0.00,0.00,24,4,20,24,4,20,48.00,8.00,40.00,48.00,8.00,40.00,0,29.16,41.50,1,0
"1508060813213238","150806083455178",9/14/2015 16:57:27,"LPI",8/6/2015 0:00:00,"Sarah Schmid Chand","Jennifer Howland",,,"120",1,25,50.00,"cm","ad hoc","cm",1,"Dead",23,15,1,46.00,30.00,2.00,21.42,17.39,8.00,0,1,0.00,0.00,0.00,"",0.00,0.00,0.00,0.00,0.00,28,12,16,27,12,15,56.00,24.00,32.00,54.00,24.00,30.00,0,18.66,35.30,1,0
"1508060813217190","1508060851543564",8/6/2015 9:14:03,"LPI",8/6/2015 0:00:00,"Sarah Schmid Chand","Jennifer Howland",,,"240",1,25,50.00,"cm","ad hoc","cm",1,"Dead",29,10,2,58.00,20.00,4.00,36.11,41.37,24.00,0,1,0.00,2.00,0.00,"AF08 =  ",0.00,0.00,0.00,0.00,0.00,37,11,26,36,11,25,74.00,22.00,52.00,72.00,22.00,50.00,0,21.88,30.60,1,0
"1508052029593655","1508060938145099",8/26/2015 9:35:22,"LPI",8/6/2015 0:00:00,"Rachel Renne","Ashley Woolman",,,"0",1,25,50.00,"cm","ad hoc","cm",1,"Dead",47,0,7,94.00,0.00,14.00,12.08,4.25,4.00,0,1,0.00,6.00,0.00,"",0.00,0.00,0.00,0.00,0.00,49,3,46,40,3,37,98.00,6.00,92.00,80.00,6.00,74.00,0,32.50,53.50,1,0
"1508052029596764","1508061016111428",8/26/2015 9:36:03,"LPI",8/6/2015 0:00:00,"Rachel Renne","Ashley Woolman",,,"120",1,25,50.00,"cm","ad hoc","cm",1,"Dead",35,1,2,70.00,2.00,4.00,1.88,2.85,2.00,0,1,0.00,0.00,0.00,"",0.00,0.00,0.00,0.00,0.00,46,14,32,44,14,30,92.00,28.00,64.00,88.00,28.00,60.00,0,18.55,55.00,1,0
"150805202959717","1508061040262203",8/26/2015 9:36:45,"LPI",8/6/2015 0:00:00,"Rachel Renne","Ashley Woolman",,,"240",1,25,50.00,"cm","ad hoc","cm",1,"Dead",33,3,2,66.00,6.00,4.00,4.65,6.06,4.00,0,1,0.00,0.00,0.00,,0.00,0.00,0.00,0.00,0.00,40,14,26,34,10,24,80.00,28.00,52.00,68.00,20.00,48.00,0,16.50,30.00,1,0
"1508061324139689","1508061326551454",8/6/2015 13:57:30,"LPI",8/6/2015 0:00:00,"Sarah Schmid Chand","Jennifer Howland",,,"0",1,25,50.00,"cm","ad hoc","cm",1,"Dead",37,5,1,74.00,10.00,2.00,21.56,16.21,12.00,0,1,0.00,2.00,0.00,"",0.00,0.00,0.00,0.00,0.00,38,8,30,37,8,29,76.00,16.00,60.00,74.00,16.00,58.00,0,34.00,63.20,1,0
"1508061324137487","1508061357374845",8/12/2015 16:16:30,"LPI",8/6/2015 0:00:00,"Martha Sample","Jennifer Howland","Martha Sample","Jennifer Howland","120",1,25,50.00,"cm","ad hoc","cm",1,"Dead",39,7,5,78.00,14.00,10.00,11.66,12.82,10.00,0,1,0.00,2.00,0.00,"",0.00,0.00,0.00,0.00,0.00,34,4,30,31,4,27,68.00,8.00,60.00,62.00,8.00,54.00,0,31.22,74.30,1,0
"1508061324131440","1508061654027305",8/12/2015 16:21:54,"LPI",8/6/2015 0:00:00,"Sarah Schmid Chand","Jennifer Howland","Martha Sample","Jennifer Howland","240",1,25,50.00,"cm","ad hoc","cm",1,"Dead",36,6,5,72.00,12.00,10.00,12.96,11.11,8.00,0,1,0.00,0.00,0.00,"",0.00,0.00,0.00,0.00,0.00,31,8,23,27,8,19,62.00,16.00,46.00,54.00,16.00,38.00,0,23.80,77.30,1,0
"1508062020291602","1508070854488892",8/26/2015 10:23:47,"LPI",8/7/2015 0:00:00,"Ashley Woolman","Rachel Renne",,,"0",1,25,50.00,"cm","ad hoc","cm",1,"Dead",35,7,1,70.00,14.00,2.00,0.00,0.00,0.00,0,1,0.00,0.00,0.00,,0.00,0.00,0.00,0.00,0.00,27,8,19,26,8,18,54.00,16.00,38.00,52.00,16.00,36.00,0,23.71,45.10,1,0
"1508062020298083","1508070925496122",8/26/2015 10:24:27,"LPI",8/7/2015 0:00:00,"Ashley Woolman","Rachel Renne",,,"120",1,25,50.00,"cm","ad hoc","cm",1,"Dead",33,4,0,66.00,8.00,0.00,5.71,6.06,4.00,0,1,0.00,0.00,0.00,"",0.00,0.00,0.00,0.00,0.00,43,13,30,32,6,26,86.00,26.00,60.00,64.00,12.00,52.00,0,8.33,44.50,1,0
"150806202029835","1508070953357547",8/26/2015 10:25:21,"LPI",8/7/2015 0:00:00,"Ashley Woolman","Rachel Renne",,,"240",1,25,50.00,"cm","ad hoc","cm",1,"Dead",35,6,1,70.00,12.00,2.00,2.63,2.85,2.00,0,1,0.00,0.00,0.00,"",0.00,0.00,0.00,0.00,0.00,37,9,28,30,7,23,74.00,18.00,56.00,60.00,14.00,46.00,0,4.00,43.40,1,0
"1508090907256829","1508091426077919",8/26/2015 10:39:59,"LPI",8/9/2015 0:00:00,"Rachel Renne","Ashley Woolman",,,"0",1,25,50.00,"cm","ad hoc","cm",1,"Dead",25,12,2,50.00,24.00,4.00,30.30,24.00,12.00,0,1,0.00,2.00,0.00,"",0.00,0.00,0.00,0.00,0.00,31,13,18,20,5,15,62.00,26.00,36.00,40.00,10.00,30.00,0,13.00,19.80,1,0
"1508090907255249","1508091450376775",9/1/2015 12:40:22,"LPI",8/9/2015 0:00:00,"Rachel Renne","Ashley Woolman",,,"120",1,25,50.00,"cm","ad hoc","cm",1,"Dead",25,13,2,50.00,26.00,4.00,16.12,16.00,8.00,0,1,0.00,2.00,0.00,"",0.00,0.00,0.00,0.00,0.00,35,12,23,27,6,21,70.00,24.00,46.00,54.00,12.00,42.00,0,16.87,29.10,1,0
"1508090907259201","1508091511076007",8/26/2015 10:41:18,"LPI",8/9/2015 0:00:00,"Rachel Renne","Ashley Woolman",,,"240",1,25,50.00,"cm","ad hoc","cm",1,"Dead",25,9,2,50.00,18.00,4.00,18.51,16.00,8.00,0,1,0.00,2.00,0.00,,0.00,0.00,0.00,0.00,0.00,36,16,20,19,3,16,72.00,32.00,40.00,38.00,6.00,32.00,0,6.00,22.80,1,0
"1508100707274239","1508101009235714",8/27/2015 12:18:47,"LPI",8/10/2015 0:00:00,"Ashley Woolman","Rachel Renne",,,"0",1,25,50.00,"cm","ad hoc","cm",1,"Dead",30,9,2,60.00,18.00,4.00,8.10,3.33,2.00,0,1,0.00,2.00,0.00,"",0.00,0.00,0.00,0.00,0.00,31,11,20,29,11,18,62.00,22.00,40.00,58.00,22.00,36.00,0,9.50,32.90,1,0
"1508101020464926","1508101023111554",9/14/2015 17:30:52,"LPI",8/10/2015 0:00:00,"Sarah Schmid Chand","Jennifer Howland",,,"0",1,25,50.00,"cm","ad hoc","cm",1,"Dead",25,8,3,50.00,16.00,6.00,25.80,28.00,14.00,0,1,0.00,2.00,0.00,"",0.00,0.00,0.00,0.00,0.00,40,17,23,26,9,17,80.00,34.00,46.00,52.00,18.00,34.00,0,28.00,29.10,1,0
"1508100707275152","1508101046258565",8/27/2015 12:19:30,"LPI",8/10/2015 0:00:00,"Ashley Woolman","Rachel Renne",,,"120",1,25,50.00,"cm","ad hoc","cm",1,"Dead",25,13,0,50.00,26.00,0.00,0.00,0.00,0.00,0,1,0.00,0.00,0.00,,0.00,0.00,0.00,0.00,0.00,24,12,12,21,10,11,48.00,24.00,24.00,42.00,20.00,22.00,0,10.33,28.40,1,0
"1508101020462724","1508101057333583",9/14/2015 17:31:00,"LPI",8/10/2015 0:00:00,"Sarah Schmid Chand","Jennifer Howland",,,"120",1,25,50.00,"cm","ad hoc","cm",1,"Dead",37,4,5,74.00,8.00,10.00,24.07,21.62,16.00,0,1,0.00,4.00,0.00,"",0.00,0.00,0.00,0.00,0.00,43,9,34,37,8,29,86.00,18.00,68.00,74.00,16.00,58.00,0,34.60,31.90,1,0
"1508100707271760","1508101115112216",8/27/2015 12:20:35,"LPI",8/10/2015 0:00:00,"Ashley Woolman","Rachel Renne",,,"240",1,25,50.00,"cm","ad hoc","cm",1,"Dead",35,8,5,70.00,16.00,10.00,8.33,5.71,4.00,0,1,0.00,4.00,0.00,,0.00,0.00,0.00,0.00,0.00,34,7,27,29,7,22,68.00,14.00,54.00,58.00,14.00,44.00,0,13.11,41.20,1,0
"1508101020466675","1508101124145058",9/10/2015 10:00:23,"LPI",8/10/2015 0:00:00,"Sarah Schmid Chand","Jennifer Howland",,,"240",1,25,50.00,"cm","ad hoc","cm",1,"Dead",22,6,2,44.00,12.00,4.00,31.03,31.81,14.00,0,1,0.00,2.00,0.00,"",0.00,0.00,0.00,0.00,0.00,39,22,17,31,16,15,78.00,44.00,34.00,62.00,32.00,30.00,0,29.28,26.70,1,0
"1508101613115480","1508101617327367",9/18/2015 9:59:22,"LPI",8/10/2015 0:00:00,"Sarah Schmid Chand","Jennifer Howland",,,"0",1,25,50.00,"cm","ad hoc","cm",1,"Dead",29,8,4,58.00,16.00,8.00,48.64,37.93,22.00,0,1,0.00,8.00,0.00,"AG200 =  AF04 =  AF03 =  ",0.00,0.00,0.00,0.00,0.00,34,13,21,29,9,20,68.00,26.00,42.00,58.00,18.00,40.00,0,20.40,45.80,1,0
"1508101613113901","1508101637026158",9/18/2015 9:59:48,"LPI",8/10/2015 0:00:00,"Sarah Schmid Chand","Jennifer Howland",,,"0",1,25,50.00,"cm","ad hoc","cm",1,"Dead",41,3,7,82.00,6.00,14.00,12.50,7.31,6.00,0,1,0.00,2.00,0.00,"AF01 =  AG200 =  ",0.00,0.00,0.00,0.00,0.00,44,6,38,39,6,33,88.00,12.00,76.00,78.00,12.00,66.00,0,30.50,36.00,1,0
"1508101613117853","1508101703598856",9/18/2015 10:00:06,"LPI",8/10/2015 0:00:00,"Sarah Schmid Chand","Jennifer Howland",,,"0",1,25,50.00,"cm","ad hoc","cm",1,"Dead",38,3,3,76.00,6.00,6.00,26.41,21.05,16.00,0,1,0.00,2.00,0.00,"AG200 =  ",0.00,0.00,0.00,0.00,0.00,42,9,33,40,9,31,84.00,18.00,66.00,80.00,18.00,62.00,0,27.77,30.30,1,0
"1508110844494440","1508110846148292",8/11/2015 9:06:04,"LPI",8/11/2015 0:00:00,"Sarah Schmid Chand","Jennifer Howland",,,"0",1,25,50.00,"cm","ad hoc","cm",1,"Dead",30,13,1,60.00,26.00,2.00,18.18,16.66,10.00,0,1,0.00,2.00,0.00,"",0.00,0.00,0.00,0.00,0.00,20,7,13,19,6,13,40.00,14.00,26.00,38.00,12.00,26.00,0,0.00,19.00,1,0
"1508101427063030","1508110859147820",8/27/2015 13:29:34,"LPI",8/11/2015 0:00:00,"Rachel Renne","Ashley Woolman",,,"0",1,25,50.00,"cm","ad hoc","cm",1,"Dead",33,5,4,66.00,10.00,8.00,13.33,12.12,8.00,0,1,0.00,4.00,0.00,"",0.00,0.00,0.00,0.00,0.00,38,12,26,31,9,22,76.00,24.00,52.00,62.00,18.00,44.00,0,20.85,39.40,1,0
"1508110844499744","1508110906165911",8/11/2015 9:48:39,"LPI",8/11/2015 0:00:00,"Jennifer Howland","Sarah Schmid Chand",,,"120",1,25,50.00,"cm","ad hoc","cm",1,"Dead",30,12,4,60.00,24.00,8.00,11.11,10.00,6.00,0,1,0.00,0.00,0.00,"PF234 =  ",0.00,0.00,0.00,0.00,0.00,31,8,23,29,8,21,62.00,16.00,46.00,58.00,16.00,42.00,0,36.66,24.70,1,0
"1508101427062536","150811092015829",8/27/2015 13:30:17,"LPI",8/11/2015 0:00:00,"Rachel Renne","Ashley Woolman",,,"120",1,25,50.00,"cm","ad hoc","cm",1,"Dead",32,11,3,64.00,22.00,6.00,9.52,3.12,2.00,0,1,0.00,2.00,0.00,"",0.00,0.00,0.00,0.00,0.00,28,7,21,25,6,19,56.00,14.00,42.00,50.00,12.00,38.00,0,16.62,36.10,1,0
"1508101427068705","1508110940006201",8/27/2015 13:30:57,"LPI",8/11/2015 0:00:00,"Rachel Renne","Ashley Woolman",,,"240",1,25,50.00,"cm","ad hoc","cm",1,"Dead",27,10,3,54.00,20.00,6.00,17.07,14.81,8.00,0,1,0.00,4.00,0.00,"",0.00,0.00,0.00,0.00,0.00,36,13,23,33,13,20,72.00,26.00,46.00,66.00,26.00,40.00,0,25.50,52.70,1,0
"1508110844494943","1508110949466900",8/11/2015 10:07:52,"LPI",8/11/2015 0:00:00,"Sarah Schmid Chand","Jennifer Howland",,,"240",1,25,50.00,"cm","ad hoc","cm",1,"Dead",27,13,1,54.00,26.00,2.00,9.37,7.40,4.00,0,1,0.00,0.00,0.00,"",0.00,0.00,0.00,0.00,0.00,23,10,13,22,10,12,46.00,20.00,26.00,44.00,20.00,24.00,0,25.00,27.10,1,0
"1508111214499518","1508111336479388",9/14/2015 17:41:45,"LPI",8/11/2015 0:00:00,"Sarah Schmid Chand","Jennifer Howland",,,"0",1,25,50.00,"cm","ad hoc","cm",1,"Dead",28,9,2,56.00,18.00,4.00,23.07,21.42,12.00,0,1,0.00,0.00,0.00,"",0.00,0.00,0.00,0.00,0.00,32,13,19,29,13,16,64.00,26.00,38.00,58.00,26.00,32.00,0,18.40,38.10,1,0
"150811121449831","1508111354045625",9/14/2015 17:41:52,"LPI",8/11/2015 0:00:00,"Sarah Schmid Chand","Jennifer Howland",,,"120",1,25,50.00,"cm","ad hoc","cm",1,"Dead",26,10,1,52.00,20.00,2.00,23.52,26.92,14.00,0,1,0.00,0.00,0.00,"PF235 =  ",0.00,0.00,0.00,0.00,0.00,37,14,23,29,8,21,74.00,28.00,46.00,58.00,16.00,42.00,0,65.25,31.77,1,0
"1508111214498200","1508111415147235",9/14/2015 17:42:00,"LPI",8/11/2015 0:00:00,"Sarah Schmid Chand","Jennifer Howland",,,"240",1,25,50.00,"cm","ad hoc","cm",1,"Dead",38,5,2,76.00,10.00,4.00,17.77,15.78,12.00,0,1,0.00,0.00,0.00,"",0.00,0.00,0.00,0.00,0.00,38,7,31,35,6,29,76.00,14.00,62.00,70.00,12.00,58.00,0,25.50,26.80,1,0
"1508111201474411","1508111430572159",9/1/2015 13:49:42,"LPI",8/11/2015 0:00:00,"Ashley Woolman","Rachel Renne",,,"0",1,25,50.00,"cm","ad hoc","cm",1,"Dead",44,2,1,88.00,4.00,2.00,0.00,0.00,0.00,0,1,0.00,0.00,0.00,,0.00,0.00,0.00,0.00,0.00,33,4,29,32,4,28,66.00,8.00,58.00,64.00,8.00,56.00,0,13.20,50.10,1,0
"1508111201478421","1508111458495118",9/1/2015 13:50:24,"LPI",8/11/2015 0:00:00,"Ashley Woolman","Rachel Renne",,,"120",1,25,50.00,"cm","ad hoc","cm",1,"Dead",43,1,3,86.00,2.00,6.00,1.75,0.00,0.00,0,1,0.00,0.00,0.00,,0.00,0.00,0.00,0.00,0.00,39,6,33,36,6,30,78.00,12.00,66.00,72.00,12.00,60.00,0,11.33,68.20,1,0
"1508111201476554","150811153017815",9/1/2015 13:50:55,"LPI",8/11/2015 0:00:00,"Ashley Woolman","Rachel Renne",,,"240",1,25,50.00,"cm","ad hoc","cm",1,"Dead",43,1,1,86.00,2.00,2.00,1.85,0.00,0.00,0,1,0.00,0.00,0.00,,0.00,0.00,0.00,0.00,0.00,40,6,34,39,6,33,80.00,12.00,68.00,78.00,12.00,66.00,0,12.50,59.10,1,0
"1508112034294485","1508120834302225",8/12/2015 8:53:13,"LPI",8/12/2015 0:00:00,"Rachel Renne","Ashley Woolman",,,"0",1,25,50.00,"cm","ad hoc","cm",1,"Dead",36,8,0,72.00,16.00,0.00,4.65,5.55,4.00,0,1,0.00,0.00,0.00,"",0.00,0.00,0.00,0.00,0.00,30,6,24,30,6,24,60.00,12.00,48.00,60.00,12.00,48.00,0,6.85,32.70,1,0
"1508120848201183","1508120849595097",9/14/2015 16:23:23,"LPI",8/12/2015 0:00:00,"Sarah Schmid Chand","Jennifer Howland","Jennifer Howland","Jennifer Howland","0",1,25,50.00,"cm","ad hoc","cm",1,"Dead",27,8,2,54.00,16.00,4.00,33.33,37.03,20.00,0,1,0.00,0.00,0.00,"",0.00,0.00,0.00,0.00,0.00,38,15,23,34,14,20,76.00,30.00,46.00,68.00,28.00,40.00,0,26.60,36.40,1,0
"1508112034295501","1508120901131922",8/12/2015 9:18:47,"LPI",8/12/2015 0:00:00,"Rachel Renne","Ashley Woolman",,,"120",1,25,50.00,"cm","ad hoc","cm",1,"Dead",26,17,1,52.00,34.00,2.00,3.12,3.84,2.00,0,1,0.00,0.00,0.00,"",0.00,0.00,0.00,0.00,0.00,25,7,18,24,7,17,50.00,14.00,36.00,48.00,14.00,34.00,0,10.00,37.20,1,0
"1508112034291936","1508120927455294",8/12/2015 9:39:58,"LPI",8/12/2015 0:00:00,"Rachel Renne","Ashley Woolman",,,"240",1,25,50.00,"cm","ad hoc","cm",1,"Dead",29,15,1,58.00,30.00,2.00,8.10,0.00,0.00,0,1,0.00,2.00,0.00,"",0.00,0.00,0.00,0.00,0.00,23,6,17,22,6,16,46.00,12.00,34.00,44.00,12.00,32.00,0,5.50,30.60,1,0
"1508120848203599","150812093852315",9/14/2015 16:16:24,"LPI",8/12/2015 0:00:00,"Sarah Schmid Chand","Jennifer Howland",,,"120",1,25,50.00,"cm","ad hoc","cm",1,"Dead",29,8,3,58.00,16.00,6.00,28.57,20.68,12.00,0,1,0.00,2.00,0.00,"",0.00,0.00,0.00,0.00,0.00,40,13,27,40,13,27,80.00,26.00,54.00,80.00,26.00,54.00,0,39.87,29.90,1,0
"1508120848206350","150812100047377",8/12/2015 10:46:48,"LPI",8/12/2015 0:00:00,"Jennifer Howland","Sarah Schmid Chand",,,"240",1,25,50.00,"cm","ad hoc","cm",1,"Dead",23,5,2,46.00,10.00,4.00,38.23,47.82,22.00,0,1,0.00,0.00,0.00,"",0.00,0.00,0.00,0.00,0.00,45,22,23,43,22,21,90.00,44.00,46.00,86.00,44.00,42.00,0,32.50,24.50,1,0
"1508161603338249","1508171350107607",8/27/2015 15:28:12,"LPI",8/17/2015 0:00:00,"Rachel Renne","Jennifer Howland",,,"0",1,25,50.00,"cm","ad hoc","cm",1,"Dead",44,0,5,88.00,0.00,10.00,3.70,2.27,2.00,0,1,0.00,2.00,0.00,,0.00,0.00,0.00,0.00,0.00,50,6,44,40,2,38,100.00,12.00,88.00,80.00,4.00,76.00,0,40.77,49.70,1,0
"1508161603336487","1508171551324747",8/17/2015 17:25:26,"LPI",8/17/2015 0:00:00,"Rachel Renne","Jennifer Howland",,,"240",1,25,50.00,"cm","ad hoc","cm",1,"Dead",42,0,5,84.00,0.00,10.00,18.66,9.52,8.00,0,1,0.00,10.00,0.00,,0.00,0.00,0.00,0.00,0.00,50,8,42,46,8,38,100.00,16.00,84.00,92.00,16.00,76.00,0,43.80,46.80,1,0
"1508180747261134","1508181107319427",8/18/2015 11:30:00,"LPI",8/18/2015 0:00:00,"Rachel Renne","Jennifer Howland",,,"0",1,25,50.00,"cm","ad hoc","cm",1,"Dead",29,9,4,58.00,18.00,8.00,2.56,0.00,0.00,0,1,0.00,0.00,0.00,"",0.00,0.00,0.00,0.00,0.00,37,12,25,33,12,21,74.00,24.00,50.00,66.00,24.00,42.00,0,24.00,28.40,1,0
"1508180747268931","1508181139288685",8/18/2015 12:00:11,"LPI",8/18/2015 0:00:00,"Rachel Renne","Jennifer Howland",,,"120",1,25,50.00,"cm","ad hoc","cm",1,"Dead",32,9,7,64.00,18.00,14.00,27.27,25.00,16.00,0,1,0.00,8.00,0.00,"",0.00,0.00,0.00,0.00,0.00,36,9,27,27,8,19,72.00,18.00,54.00,54.00,16.00,38.00,0,28.77,34.40,1,0
"150818074727492","1508181207481432",8/18/2015 12:24:06,"LPI",8/18/2015 0:00:00,"Rachel Renne","Jennifer Howland",,,"240",1,25,50.00,"cm","ad hoc","cm",1,"Dead",24,11,6,48.00,22.00,12.00,12.50,16.66,8.00,0,1,0.00,2.00,0.00,"",0.00,0.00,0.00,0.00,0.00,35,15,20,31,15,16,70.00,30.00,40.00,62.00,30.00,32.00,0,19.30,37.10,1,0
"1508191203462441","1508191510401746",8/27/2015 18:05:09,"LPI",8/19/2015 0:00:00,"Ashley Woolman","Jennifer Howland",,,"0",1,25,50.00,"cm","ad hoc","cm",1,"Dead",41,0,2,82.00,0.00,4.00,0.00,0.00,0.00,0,1,0.00,0.00,0.00,,0.00,0.00,0.00,0.00,0.00,50,9,41,46,7,39,100.00,18.00,82.00,92.00,14.00,78.00,0,689.00,12.40,1,0
"1508191203463947","1508191749463459",9/1/2015 13:36:20,"LPI",8/19/2015 0:00:00,"Ashley Woolman","Jennifer Howland",,,"120",1,25,50.00,"cm","ad hoc","cm",1,"Dead",39,1,1,78.00,2.00,2.00,4.83,7.69,6.00,0,1,0.00,0.00,0.00,,0.00,0.00,0.00,0.00,0.00,49,10,39,39,8,31,98.00,20.00,78.00,78.00,16.00,62.00,0,679.00,17.50,1,0
"1508191203467899","1508191849011858",9/17/2015 15:24:20,"LPI",8/19/2015 0:00:00,"Ashley Woolman","Jennifer Howland",,,"240",1,25,50.00,"cm","ad hoc","cm",1,"Dead",44,0,1,88.00,0.00,2.00,35.52,59.09,52.00,0,1,0.00,0.00,0.00,,0.00,0.00,0.00,0.00,0.00,50,6,44,45,6,39,100.00,12.00,88.00,90.00,12.00,78.00,0,680.00,37.11,1,0
"1508161603338262","1508211139495812",9/18/2015 14:13:12,"LPI",8/17/2015 0:00:00,"Rachel Renne","Jennifer Howland","Rachel Renne","Ashley Woolman","120",1,28,50.00,"cm","ad hoc","cm",1,"Dead",45,0,8,88.23,0.00,15.68,8.64,8.88,7.84,0,1,0.00,1.96,0.00,"A rattlesnake was encountered along Line 2 at approximately 8.5 meters.  A 3 meter buffer zone was established around the snake and data was not taken between 7.5 meters and 10.5 meters (although data was taken for these two points).  The line was extended by 3 meters as compensation for this gap in the measurements.  Consequently, this line is 28 meters long, and one additional height measurement was taken at 27.5 to compensate for the missed height at 10 meters.",0.00,0.00,0.00,0.00,0.00,50,6,44,42,6,36,98.03,11.76,86.27,82.35,11.76,70.58,0,55.80,60.88,1,0
