"PlotKey","LineKey","DateModified","LineID","Azimuth","ElevationType","NorthType","NorthingStart","EastingStart","ElevationStart","NorthingEnd","EastingEnd","ElevationEnd","LatitudeStart","LongitudeStart","LatitudeEnd","LongitudeEnd"
"1506221143312224","1506221143344694",6/25/2015 14:40:19,"3",240,1,2,4809970.99,762070.07,1786.68,4809959.21,762048.91,1785.14,43.39,-107.76,43.39,-107.76
"1506221143312224","1506221143346550",6/25/2015 14:40:13,"2",120,1,2,4809970.09,762078.79,1786.34,4809957.65,762100.53,1781.26,43.39,-107.76,43.39,-107.76
"1506221143312224","1506221143346663",6/25/2015 14:40:07,"1",0,1,2,4809976.52,762072.99,1786.68,4810002.33,762071.08,1795.56,43.39,-107.76,43.39,-107.76
"1506230731355652","1506230731381287",7/8/2015 14:48:59,"3",240,1,2,4792802.43,764114.25,1666.32,4792788.74,764093.38,1664.98,43.24,-107.74,43.24,-107.74
"1506230731355652","1506230731383143",7/8/2015 14:48:57,"2",120,1,2,4792799.04,764123.01,1666.18,4792788.84,764151.28,1658.86,43.24,-107.74,43.24,-107.74
"1506230731355652","1506230731386966",7/8/2015 14:48:31,"1",0,1,2,4792808.26,764117.08,1665.86,4792833.35,764118.59,1662.42,43.24,-107.74,43.24,-107.74
"1506231003191135","1506231003232808",6/29/2015 9:33:58,"1",0,1,2,4727592.15,694423.09,1803.23,4727614.34,694419.09,1800.50,42.67,-108.62,42.67,-108.62
"1506231003191135","150623100323500",6/29/2015 9:34:00,"2",120,1,2,4727583.54,694428.52,1803.90,4727573.58,694449.40,1805.46,42.67,-108.62,42.67,-108.62
"1506231003191135","1506231003238643",6/29/2015 9:34:01,"3",240,1,2,4727582.84,694418.58,1803.56,4727571.51,694399.31,1804.23,42.67,-108.62,42.67,-108.62
"1506231804012712","1506231804031613",7/8/2015 14:49:53,"3",240,1,2,4780247.35,743392.55,1564.00,4780236.25,743371.12,1565.38,43.13,-108.00,43.13,-108.00
"1506231804012712","1506231804033765",7/8/2015 14:49:50,"1",0,1,2,4780254.51,743398.67,1562.05,4780279.60,743400.94,1561.52,43.13,-108.00,43.13,-108.00
"1506231804012712","1506231804037660",7/8/2015 14:49:52,"2",120,1,2,4780247.06,743402.74,1562.99,4780234.96,743425.78,1565.29,43.13,-108.00,43.13,-108.00
"1506241018357782","1506241018372438",7/8/2015 14:49:25,"3",240,1,2,4779107.25,748981.81,1623.78,4779096.12,748960.48,1623.39,43.12,-107.93,43.12,-107.93
"1506241018357782","1506241018376003",7/8/2015 14:49:22,"2",120,1,2,4779106.70,748991.28,1623.69,4779093.24,749011.40,1622.92,43.12,-107.93,43.12,-107.93
"1506241018357782","1506241018379349",7/8/2015 14:49:20,"1",0,1,2,4779113.58,748987.61,1624.09,4779139.30,748989.71,1624.78,43.12,-107.93,43.12,-107.93
"1506300857547984","1506300857561831",7/8/2015 14:50:28,"1",0,1,2,4796626.67,734917.96,1475.25,4796651.40,734917.76,1477.54,43.28,-108.10,43.28,-108.10
"1506300857547984","1506300857562334",7/8/2015 14:50:31,"3",240,1,2,4796618.69,734912.58,1475.67,4796605.50,734890.82,1475.97,43.28,-108.10,43.28,-108.10
"1506300857547984","1506300857568382",7/8/2015 14:50:30,"2",120,1,2,4796618.58,734922.93,1475.25,4796607.62,734945.73,1473.91,43.28,-108.10,43.28,-108.10
"1507010828143479","1507010828162276",7/8/2015 14:50:10,"2",120,1,2,4762929.99,758361.03,1726.23,4762916.47,758381.11,1726.19,42.97,-107.83,42.97,-107.83
"1507010828143479","1507010828164479",7/8/2015 14:50:09,"1",0,1,2,4762938.29,758356.31,1725.99,4762963.24,758355.12,1725.41,42.97,-107.83,42.97,-107.83
"1507010828143479","1507010828166228",7/8/2015 14:50:12,"3",240,1,2,4762930.10,758351.09,1726.10,4762918.44,758330.84,1725.38,42.97,-107.83,42.97,-107.83
"1507011328208001","1507011328232992",8/3/2015 16:29:11,"2",120,1,2,4725505.08,688514.10,2098.87,4725493.92,688536.24,2094.54,42.65,-108.69,42.65,-108.69
"1507011328208001","1507011328236944",8/3/2015 16:29:13,"3",240,1,2,4725504.88,688505.05,2100.20,4725494.08,688484.33,2102.37,42.65,-108.70,42.65,-108.70
"1507011328208001","1507011328237122",8/3/2015 16:29:05,"1",0,1,2,4725513.91,688507.79,2098.05,4725538.38,688507.69,2095.79,42.65,-108.69,42.65,-108.69
"1507020626281401","1507020626301996",7/8/2015 14:51:00,"2",120,1,2,4746637.45,741325.47,1798.38,4746626.20,741346.48,1800.16,42.83,-108.04,42.83,-108.04
"1507020626281401","1507020626305948",7/8/2015 14:51:01,"3",240,1,2,4746637.62,741315.08,1794.74,4746626.41,741293.59,1792.23,42.83,-108.04,42.83,-108.04
"1507020626281401","1507020626308887",7/8/2015 14:50:58,"1",0,1,2,4746643.28,741319.83,1796.27,4746668.78,741317.10,1793.26,42.83,-108.04,42.83,-108.04
"150702105125141","1507021051281146",8/3/2015 16:31:36,"3",240,1,2,4727013.42,704217.60,1962.16,4727002.51,704197.70,1967.48,42.66,-108.50,42.66,-108.50
"150702105125141","1507021051283672",8/3/2015 16:31:34,"2",120,1,2,4727015.56,704226.77,1957.66,4727005.74,704249.47,1951.17,42.66,-108.50,42.66,-108.50
"150702105125141","1507021051285955",8/3/2015 16:31:30,"1",0,1,2,4727023.36,704222.65,1957.45,4727044.65,704222.25,1963.57,42.66,-108.50,42.66,-108.50
"150706151723401","1507061517253434",8/3/2015 16:30:57,"2",120,1,2,4727863.51,734924.75,2148.04,4727852.12,734946.81,2158.67,42.66,-108.13,42.66,-108.13
"150706151723401","1507061517256259",8/3/2015 16:30:56,"1",0,1,2,4727870.32,734918.19,2148.04,4727895.32,734912.93,2144.21,42.66,-108.13,42.66,-108.13
"150706151723401","1507061517257386",8/3/2015 16:30:58,"3",240,1,2,4727861.25,734916.16,2147.28,4727849.06,734895.00,2144.33,42.66,-108.13,42.66,-108.13
"1507070944219164","1507070944245832",8/3/2015 16:30:17,"1",0,1,2,4713594.23,722727.22,2053.70,4713619.10,722726.86,2053.18,42.54,-108.28,42.54,-108.28
"1507070944219164","150707094424812",8/3/2015 16:30:21,"2",120,1,2,4713586.31,722733.56,2053.95,4713576.82,722756.43,2054.83,42.54,-108.28,42.54,-108.28
"1507070944219164","1507070944248528",8/3/2015 16:30:23,"3",240,1,2,4713585.96,722724.13,2053.81,4713574.87,722703.00,2053.79,42.54,-108.28,42.54,-108.28
"1507091035121292","1507091035141158",8/3/2015 16:31:17,"1",0,1,2,4707041.82,682850.48,2529.87,4707066.23,682851.41,2531.14,42.49,-108.77,42.49,-108.77
"1507091035121292","1507091035142907",8/3/2015 16:31:19,"3",240,1,2,4707034.86,682845.82,2529.53,4707022.59,682821.95,2529.11,42.49,-108.77,42.49,-108.77
"1507091035121292","1507091035148954",8/3/2015 16:31:18,"2",120,1,2,4707034.79,682854.72,2529.51,4707021.78,682874.99,2529.43,42.49,-108.77,42.49,-108.77
"1507091505144307","150709150516336",7/9/2015 15:08:21,"1",0,1,2,4686189.51,712983.57,2172.23,4686214.38,712985.97,2172.58,42.29,-108.41,42.29,-108.41
"1507091505144307","1507091505165087",7/29/2015 10:01:24,"3",240,1,2,4686182.52,712981.73,2172.13,4686169.32,712960.29,2172.04,42.29,-108.41,42.29,-108.41
"1507091505144307","1507091505166943",7/9/2015 15:08:26,"2",120,1,2,4686182.03,712990.66,2172.09,4686167.05,713010.12,2171.94,42.29,-108.41,42.29,-108.41
"1507100935406128","1507100935422291",8/3/2015 16:31:07,"2",120,1,2,4702323.91,703278.38,2270.39,4702311.93,703299.43,2268.30,42.44,-108.52,42.44,-108.52
"1507100935406128","1507100935425042",8/3/2015 16:31:08,"3",240,1,2,4702322.08,703268.52,2271.44,4702306.67,703249.73,2273.75,42.44,-108.52,42.44,-108.52
"1507100935406128","1507100935429874",8/3/2015 16:31:06,"1",0,1,2,4702332.07,703273.56,2271.30,4702356.12,703273.07,2270.99,42.44,-108.52,42.44,-108.52
"1507101317212969","1507101317225431",7/10/2015 16:28:41,"3",240,1,2,4687025.01,719363.51,2142.98,4687011.55,719340.14,2142.75,42.30,-108.33,42.30,-108.33
"1507101317212969","1507101317228923",7/10/2015 16:28:04,"1",0,1,2,4687033.34,719366.29,2143.16,4687057.24,719364.46,2143.65,42.30,-108.33,42.30,-108.33
"1507101317212969","1507101317229423",7/10/2015 16:28:36,"2",120,1,2,4687023.22,719371.14,2143.01,4687011.63,719393.25,2143.12,42.30,-108.33,42.30,-108.33
"1507110739489097","1507110739501840",7/11/2015 7:41:29,"2",120,1,2,4700289.76,731516.99,2202.14,4700277.92,731538.02,2202.71,42.42,-108.18,42.42,-108.18
"1507110739489097","1507110739501855",7/11/2015 7:41:34,"3",240,1,2,4700289.99,731511.02,2202.03,4700279.74,731488.34,2201.77,42.42,-108.18,42.42,-108.18
"1507110739489097","1507110739501909",7/11/2015 7:41:24,"1",0,1,2,4700295.43,731512.85,2202.27,4700319.74,731512.96,2202.98,42.42,-108.18,42.42,-108.18
"1507120751391455","1507120751432661",7/12/2015 9:36:34,"3",240,1,2,4696356.78,723972.96,2099.19,4696344.92,723952.25,2098.75,42.38,-108.27,42.38,-108.27
"1507120751391455","1507120751434436",7/12/2015 9:36:28,"2",120,1,2,4696356.63,723983.32,2098.63,4696347.24,724005.83,2097.73,42.38,-108.27,42.38,-108.27
"1507120751391455","1507120751438814",7/12/2015 9:36:23,"1",0,1,2,4696363.84,723977.90,2099.65,4696387.36,723978.35,2101.20,42.38,-108.27,42.38,-108.27
"1507121608251563","150712160828140",7/12/2015 17:55:02,"3",240,1,2,4704624.26,725034.06,2025.71,4704611.29,725014.84,2027.38,42.46,-108.26,42.46,-108.26
"1507121608251563","1507121608282201",7/12/2015 17:54:51,"1",0,1,2,4704631.52,725038.04,2025.32,4704654.15,725033.75,2024.77,42.46,-108.26,42.46,-108.26
"1507121608251563","1507121608286118",7/12/2015 17:54:56,"2",120,1,2,4704624.91,725044.25,2025.14,4704614.17,725065.20,2024.72,42.46,-108.26,42.46,-108.26
"1507131320404156","1507131320431311",7/13/2015 14:28:48,"3",240,1,2,4715174.79,737052.12,1999.02,4715163.13,737032.86,1999.49,42.55,-108.11,42.55,-108.11
"1507131320404156","1507131320433086",7/13/2015 14:28:43,"2",120,1,2,4715175.29,737061.89,1999.34,4715162.48,737081.83,1999.96,42.55,-108.11,42.55,-108.11
"1507131320404156","1507131320434942",7/13/2015 14:28:38,"1",0,1,2,4715183.04,737058.02,1999.22,4715207.84,737057.43,1999.01,42.55,-108.11,42.55,-108.11
"1507140749276314","1507140749291599",7/14/2015 7:50:19,"1",0,1,2,4701353.82,772339.13,1991.76,4701377.24,772337.62,1989.80,42.41,-107.69,42.41,-107.69
"1507140749276314","1507140749293349",7/14/2015 7:50:28,"3",240,1,2,4701347.12,772332.36,1992.20,4701331.47,772311.38,1992.97,42.41,-107.69,42.41,-107.69
"1507140749276314","1507140749299396",7/14/2015 7:50:23,"2",120,1,2,4701343.10,772343.03,1992.68,4701332.03,772362.47,1993.62,42.41,-107.69,42.41,-107.68
"1507161135361115","1507161135401541",8/3/2015 16:29:26,"1",0,1,2,4724392.21,690351.32,1951.31,4724417.46,690349.53,1950.29,42.64,-108.67,42.64,-108.67
"1507161135361115","1507161135404537",8/3/2015 16:29:28,"3",240,1,2,4724386.15,690346.10,1951.31,4724373.80,690324.31,1956.76,42.64,-108.67,42.64,-108.67
"1507161135361115","150716113540585",8/3/2015 16:29:27,"2",120,1,2,4724386.58,690356.15,1949.55,4724372.66,690376.51,1947.89,42.64,-108.67,42.64,-108.67
"1507170955399312","1507170955424072",8/3/2015 16:29:52,"3",240,1,2,4720088.75,703736.81,1988.32,4720076.67,703715.24,1993.25,42.60,-108.51,42.60,-108.51
"1507170955399312","1507170955428303",8/3/2015 16:29:50,"1",0,1,2,4720095.92,703741.06,1988.32,4720120.88,703740.31,1987.71,42.60,-108.51,42.60,-108.51
"1507170955399312","1507170955429091",8/3/2015 16:29:51,"2",120,1,2,4720089.62,703745.82,1987.64,4720076.58,703767.56,1986.77,42.60,-108.51,42.60,-108.51
"1507181036303764","1507181036323178",8/3/2015 16:29:42,"3",240,1,2,4710324.21,700641.06,2172.26,4710311.19,700621.87,2174.15,42.51,-108.55,42.51,-108.55
"1507181036303764","1507181036323298",8/3/2015 16:29:39,"1",0,1,2,4710331.58,700645.14,2172.26,4710355.17,700645.99,2171.44,42.51,-108.55,42.51,-108.55
"1507181036303764","1507181036329226",8/3/2015 16:29:40,"2",120,1,2,4710324.26,700648.85,2172.26,4710311.00,700669.32,2174.45,42.51,-108.55,42.51,-108.55
"1507191011208157","150719101122236",8/3/2015 16:05:00,"1",0,1,2,4713775.94,705803.68,2075.44,4719483.36,719592.94,2075.40,42.54,-108.49,0.00,0.00
"1507191011208157","1507191011224140",8/3/2015 16:07:41,"2",120,1,2,4713766.47,705810.28,2074.84,4713756.16,705832.36,2072.75,42.54,-108.49,42.54,-108.49
"1507191011208157","1507191011229119",8/3/2015 16:07:42,"3",240,1,2,4713766.76,705800.62,2074.86,4713754.75,705778.92,2073.92,42.54,-108.49,42.54,-108.49
"1507201301493206","150720130150470",8/3/2015 16:30:02,"1",0,1,2,4707841.54,718192.14,2073.47,4707865.63,718191.72,2073.67,42.49,-108.34,42.49,-108.34
"1507201301493206","1507201301506464",8/3/2015 16:30:06,"2",120,1,2,4707834.51,718197.03,2073.47,4707824.44,718219.40,2074.12,42.49,-108.34,42.49,-108.34
"1507201301493206","1507201301506744",8/3/2015 16:30:08,"3",240,1,2,4707833.50,718187.42,2073.22,4707818.15,718166.09,2073.03,42.49,-108.34,42.49,-108.34
"1507211024045543","1507211024053859",8/3/2015 16:30:47,"2",120,1,2,4720877.66,751568.31,2050.63,4720869.05,751591.68,2048.88,42.59,-107.93,42.59,-107.93
"1507211024045543","1507211024055594",9/14/2015 16:06:01,"3",240,1,2,4720876.91,751558.84,2050.33,4720862.49,751539.97,2050.20,42.59,-107.93,42.59,-107.93
"1507211024045543","1507211024056525",8/3/2015 16:30:46,"1",0,1,2,4720883.35,751563.51,2052.20,4720908.43,751560.80,2056.01,42.59,-107.93,42.59,-107.93
"1507211857097352","1507211857113630",8/3/2015 16:30:36,"1",0,1,2,4722484.33,742174.75,2068.90,4722508.83,742172.87,2068.08,42.61,-108.04,42.61,-108.04
"1507211857097352","1507211857114756",8/3/2015 16:30:39,"3",240,1,2,4722476.51,742171.51,2069.38,4722462.81,742150.34,2070.70,42.61,-108.04,42.61,-108.04
"1507211857097352","150721185711804",8/3/2015 16:30:37,"2",120,1,2,4722476.21,742180.37,2069.00,4722466.80,742202.51,2068.50,42.61,-108.04,42.61,-108.04
"1507221753333876","1507221753354358",7/23/2015 6:25:49,"2",120,1,2,4731363.82,813947.40,2110.03,4731351.68,813968.92,2110.06,42.67,-107.16,42.67,-107.16
"1507221753333876","1507221753355151",7/23/2015 6:25:43,"1",0,1,2,4731370.50,813943.09,2110.05,4731395.72,813941.38,2110.26,42.67,-107.16,42.67,-107.16
"1507221753333876","1507221753358310",7/23/2015 6:25:53,"3",240,1,2,4731362.41,813937.67,2109.87,4731348.40,813917.53,2108.85,42.67,-107.16,42.67,-107.16
"150723104416340","1507231044191845",7/23/2015 17:59:00,"1",0,1,2,4731913.51,802361.19,2072.61,4731938.72,802357.53,2073.25,42.68,-107.30,42.68,-107.30
"150723104416340","1507231044193148",7/23/2015 17:59:05,"2",120,1,2,4731908.79,802364.92,2072.33,4731899.19,802387.78,2071.91,42.68,-107.30,42.68,-107.30
"150723104416340","1507231044195899",7/23/2015 17:59:11,"3",240,1,2,4731909.43,802353.32,2072.34,4731900.05,802332.92,2072.07,42.68,-107.30,42.68,-107.31
"1507240603572944","1507240603591377",7/24/2015 6:13:22,"2",120,1,2,4718296.36,791443.63,2066.45,4718284.76,791462.47,2065.93,42.56,-107.44,42.56,-107.44
"1507240603572944","1507240603595328",7/24/2015 6:13:27,"3",240,1,2,4718297.53,791434.60,2066.69,4718284.69,791414.90,2067.18,42.56,-107.44,42.56,-107.45
"1507240603572944","1507240603597376",7/24/2015 6:13:18,"1",0,1,2,4718303.94,791439.68,2066.48,4718327.68,791438.77,2066.57,42.56,-107.44,42.56,-107.44
"1507241816214650","1507241816223000",7/29/2015 10:02:24,"3",240,1,2,4724420.14,771054.77,2014.15,4724409.00,771034.10,2014.24,42.62,-107.69,42.62,-107.69
"1507241816214650","1507241816224856",7/29/2015 10:02:22,"2",120,1,2,4724419.79,771063.47,2014.02,4724408.43,771085.06,2013.41,42.62,-107.69,42.62,-107.69
"1507241816214650","1507241816227625",7/24/2015 18:17:33,"1",0,1,2,4724426.55,771058.45,2014.34,4724451.11,771055.70,2014.65,42.62,-107.69,42.62,-107.69
"1507251411195501","1507251411216835",7/25/2015 14:11:50,"1",0,1,2,4728737.25,770712.68,2066.36,4728761.14,770714.20,2065.48,42.66,-107.69,42.66,-107.69
"1507251411195501","150725141121788",7/25/2015 14:12:02,"2",120,1,2,4728728.40,770716.23,2066.62,4728717.99,770737.97,2065.45,42.66,-107.69,42.66,-107.69
"1507251411195501","1507251411218930",7/25/2015 14:12:07,"3",240,1,2,4728730.96,770707.89,2067.36,4728716.87,770684.57,2068.70,42.66,-107.69,42.66,-107.69
"1507251807224496","1507251807245497",7/25/2015 18:07:54,"2",120,1,2,4736246.28,776950.37,2212.60,4736235.44,776972.63,2215.28,42.72,-107.61,42.72,-107.61
"1507251807224496","1507251807246913",7/25/2015 18:07:48,"1",0,1,2,4736253.04,776943.67,2211.44,4736278.11,776942.99,2213.86,42.72,-107.61,42.72,-107.61
"1507251807224496","1507251807249448",7/25/2015 18:07:58,"3",240,1,2,4736245.42,776941.60,2210.57,4736232.81,776921.97,2204.26,42.72,-107.61,42.72,-107.61
"1507261606451762","1507261606481676",7/26/2015 16:07:21,"1",0,1,2,4733950.53,765043.43,1990.57,4733973.80,765039.21,1990.66,42.71,-107.76,42.71,-107.76
"1507261606451762","1507261606484764",7/26/2015 16:07:33,"3",240,1,2,4733942.30,765039.76,1992.45,4733930.88,765018.85,1995.19,42.71,-107.76,42.71,-107.76
"1507261606451762","1507261606488329",7/26/2015 16:07:28,"2",120,1,2,4733940.17,765047.95,1990.30,4733927.40,765072.22,1987.89,42.71,-107.76,42.71,-107.76
"1507270940443294","1507270940451709",7/27/2015 9:41:20,"2",120,1,2,4755855.23,775607.92,1834.17,4755844.19,775630.58,1833.80,42.90,-107.62,42.90,-107.62
"1507270940443294","1507270940454812",7/27/2015 9:41:14,"1",0,1,2,4755863.47,775602.42,1834.33,4755888.10,775597.58,1835.07,42.90,-107.62,42.90,-107.62
"1507270940443294","1507270940459933",7/27/2015 9:41:27,"3",240,1,2,4755854.33,775597.82,1833.86,4755841.67,775577.59,1832.70,42.90,-107.62,42.90,-107.62
"1507271151349839","1507271151352525",8/3/2015 16:07:59,"3",240,1,2,4719451.69,719592.39,1955.97,4719439.61,719572.83,1960.11,42.59,-108.32,42.59,-108.32
"1507271151349839","1507271151358573",8/3/2015 16:07:57,"2",120,1,2,4719452.20,719603.35,1954.83,4719443.20,719624.55,1956.26,42.59,-108.32,42.59,-108.32
"1507271151349839","1507271151359529",8/3/2015 16:07:56,"1",0,1,2,4719460.88,719597.50,1950.22,4719483.36,719592.94,1941.57,42.59,-108.32,42.59,-108.32
"1507280832548161","1507280832575855",7/28/2015 8:33:39,"3",240,1,2,4740252.00,743388.76,2113.17,4740241.84,743366.96,2115.36,42.77,-108.02,42.77,-108.02
"1507280832548161","1507280832577630",7/28/2015 8:33:31,"2",120,1,2,4740250.62,743398.30,2110.54,4740240.38,743420.68,2117.36,42.77,-108.02,42.77,-108.02
"1507280832548161","1507280832578240",7/28/2015 8:33:25,"1",0,1,2,4740261.48,743395.06,2106.93,4740282.72,743390.74,2103.19,42.77,-108.02,42.77,-108.02
"1507281135518341","1507281135542733",8/3/2015 16:08:33,"2",120,1,2,4731429.28,748809.53,2137.67,4731418.36,748831.20,2137.63,42.69,-107.96,42.69,-107.96
"1507281135518341","1507281135544313",8/3/2015 16:08:32,"1",0,1,2,4731436.07,748802.14,2137.73,4731459.50,748795.11,2138.34,42.69,-107.96,42.69,-107.96
"1507281135518341","1507281135546685",8/3/2015 16:28:43,"3",240,1,2,4731429.12,748799.75,2137.73,4731417.12,748777.23,2136.85,42.69,-107.96,42.69,-107.96
"150729100137626","1507291001384701",8/3/2015 16:08:13,"2",120,1,2,4733132.90,736743.46,2151.84,4733122.38,736766.46,2152.66,42.71,-108.10,42.71,-108.10
"150729100137626","1507291001386903",8/3/2015 16:08:10,"1",0,1,2,4733141.76,736737.96,2151.91,4733166.51,736735.60,2151.82,42.71,-108.10,42.71,-108.10
"150729100137626","1507291001388652",8/3/2015 16:08:15,"3",240,1,2,4733132.90,736734.57,2151.51,4733119.37,736713.82,2151.03,42.71,-108.10,42.71,-108.10
"1508041348435812","1508041348453718",8/4/2015 13:49:52,"3",240,1,2,4735082.79,712243.03,1743.94,4735070.39,712221.33,1746.10,42.73,-108.40,42.73,-108.40
"1508041348435812","150804134845722",8/4/2015 13:49:39,"1",0,1,2,4735090.74,712248.25,1739.57,4735115.01,712247.25,1737.81,42.73,-108.40,42.73,-108.40
"1508041348435812","1508041348459765",8/4/2015 13:49:46,"2",120,1,2,4735084.40,712252.16,1740.61,4735078.14,712276.04,1740.62,42.73,-108.40,42.73,-108.40
"1508041456337528","1508041456354782",8/4/2015 14:57:52,"3",240,1,2,4736640.95,829030.61,2164.78,4736624.11,829011.68,2167.04,42.71,-106.98,42.71,-106.98
"1508041456337528","1508041456356771",8/4/2015 14:57:40,"1",0,1,2,4736650.78,829030.86,2163.55,4736674.82,829028.56,2159.86,42.71,-106.98,42.71,-106.98
"1508041456337528","150804145635830",8/4/2015 14:57:47,"2",120,1,2,4736643.47,829037.70,2164.71,4736632.79,829061.30,2164.88,42.71,-106.98,42.71,-106.98
"1508042120052410","1508042120071463",8/4/2015 21:21:58,"3",240,1,2,4733452.00,827614.90,2004.05,4733442.25,827592.45,2003.68,42.68,-107.00,42.68,-107.00
"1508042120052410","1508042120071843",8/4/2015 21:21:46,"1",0,1,2,4733460.32,827618.95,2004.33,4733484.92,827617.36,2005.85,42.68,-107.00,42.68,-107.00
"1508042120052410","150804212007675",8/4/2015 21:21:53,"2",120,1,2,4733450.79,827628.48,2003.48,4733437.65,827649.44,2001.98,42.68,-107.00,42.68,-107.00
"1508050814459312","1508050814489106",9/14/2015 16:05:37,"1",0,1,2,4743528.98,713752.76,1659.05,4743553.30,713751.16,1659.10,42.81,-108.38,42.81,-108.38
"1508050814459312","1508050814494512",9/14/2015 16:05:41,"2",0,1,2,4743520.11,713756.10,1659.02,4743508.53,713778.88,1658.42,42.81,-108.38,42.81,-108.38
"1508050814459312","1508050814498464",9/14/2015 16:05:42,"3",0,1,2,4743519.35,713747.46,1659.02,4743507.55,713726.97,1659.40,42.81,-108.38,42.81,-108.38
"1508051436215986","1508051436224883",8/5/2015 14:36:54,"2",120,1,2,4745763.09,710226.83,1666.28,4745753.05,710249.44,1666.01,42.83,-108.42,42.83,-108.42
"1508051436215986","1508051436227086",8/5/2015 14:36:39,"1",0,1,2,4745768.88,710222.34,1667.48,4745794.51,710222.40,1669.49,42.83,-108.42,42.83,-108.42
"1508051436215986","1508051436228835",8/5/2015 14:36:22,"3",240,1,2,4745763.21,710217.97,1666.85,4745750.10,710196.80,1668.66,42.83,-108.42,42.83,-108.42
"1508052029584915","1508052029593655",8/5/2015 20:30:49,"1",0,1,2,4731964.42,827411.88,1970.70,4731990.58,827411.67,1970.42,42.67,-107.00,42.67,-107.00
"1508052029584915","1508052029596764",8/5/2015 20:30:53,"2",120,1,2,4731957.81,827418.16,1970.19,4731947.57,827440.14,1967.72,42.67,-107.00,42.67,-107.00
"1508052029584915","150805202959717",8/5/2015 20:30:58,"3",240,1,2,4731957.21,827407.65,1970.52,4731947.11,827387.28,1970.68,42.67,-107.00,42.67,-107.00
"1508060813192571","1508060813213082",8/6/2015 8:14:13,"1",0,1,2,4752868.05,713295.85,1583.71,4752892.05,713295.23,1586.46,42.89,-108.38,42.89,-108.38
"1508060813192571","1508060813213238",8/6/2015 8:14:15,"2",120,1,2,4752859.62,713301.36,1580.30,4752847.32,713323.60,1579.10,42.89,-108.38,42.89,-108.38
"1508060813192571","1508060813217190",8/6/2015 8:14:44,"3",240,1,2,4752859.60,713292.25,1580.45,4752847.87,713271.06,1585.39,42.89,-108.38,42.89,-108.38
"1508061324117168","1508061324131440",8/6/2015 13:25:23,"3",240,1,2,4746005.22,698229.65,1616.72,4745993.26,698208.95,1619.63,42.84,-108.57,42.84,-108.57
"1508061324117168","1508061324137487",8/6/2015 13:25:21,"2",120,1,2,4746005.59,698238.77,1616.38,4745994.95,698260.70,1615.82,42.84,-108.57,42.84,-108.57
"1508061324117168","1508061324139689",8/6/2015 13:25:19,"1",0,1,2,4746013.43,698234.50,1616.17,4746037.25,698232.11,1615.41,42.84,-108.57,42.84,-108.57
"1508062020277483","1508062020291602",8/6/2015 20:29:59,"1",0,1,2,4726747.44,819222.74,2046.74,4726772.77,819220.42,2048.22,42.62,-107.10,42.62,-107.10
"1508062020277483","1508062020298083",8/6/2015 20:30:05,"2",120,1,2,4726738.26,819225.96,2044.54,4726727.80,819246.03,2038.06,42.62,-107.10,42.62,-107.10
"1508062020277483","150806202029835",8/6/2015 20:30:10,"3",240,1,2,4726741.45,819217.67,2045.19,4726726.33,819196.49,2041.67,42.62,-107.10,42.62,-107.10
"1508090907242124","1508090907255249",8/9/2015 9:07:59,"2",120,1,2,4735907.29,789627.87,2189.42,4735896.50,789649.97,2198.60,42.72,-107.46,42.72,-107.46
"1508090907242124","1508090907256829",8/9/2015 9:07:53,"1",0,1,2,4735913.24,789622.62,2187.48,4735939.66,789621.53,2184.79,42.72,-107.46,42.72,-107.46
"1508090907242124","1508090907259201",8/9/2015 9:08:01,"3",240,1,2,4735907.71,789618.65,2187.62,4735893.79,789598.87,2185.44,42.72,-107.46,42.72,-107.46
"1508100707252462","1508100707271760",8/10/2015 7:08:14,"3",240,1,2,4745369.22,757666.27,1869.63,4745355.59,757646.55,1868.59,42.81,-107.84,42.81,-107.84
"1508100707252462","1508100707274239",8/10/2015 7:08:07,"1",0,1,2,4745374.44,757670.73,1869.63,4745399.71,757667.75,1867.56,42.81,-107.84,42.81,-107.84
"1508100707252462","1508100707275152",8/10/2015 7:08:11,"2",120,1,2,4745368.53,757676.15,1871.33,4745356.46,757697.36,1872.29,42.81,-107.84,42.81,-107.84
"1508101020423061","1508101020462724",8/10/2015 10:21:57,"2",120,1,2,4728567.01,694808.11,1760.62,4728555.37,694828.17,1759.81,42.68,-108.62,42.68,-108.62
"1508101020423061","1508101020464926",8/10/2015 10:21:56,"1",0,1,2,4728574.63,694803.72,1759.97,4728599.76,694803.26,1758.31,42.68,-108.62,42.68,-108.62
"1508101020423061","1508101020466675",8/10/2015 10:21:59,"3",240,1,2,4728568.37,694799.69,1760.62,4728553.56,694778.78,1763.60,42.68,-108.62,42.68,-108.62
"1508101427059838","1508101427062536",8/10/2015 14:28:25,"2",120,1,2,4747616.08,748592.59,1750.36,4747603.83,748615.04,1750.24,42.84,-107.95,42.84,-107.95
"1508101427059838","1508101427063030",8/10/2015 14:28:22,"1",0,1,2,4747623.44,748586.84,1750.44,4747647.47,748585.33,1750.10,42.84,-107.95,42.84,-107.95
"1508101427059838","1508101427068705",8/11/2015 9:40:58,"3",240,1,2,4747614.29,748583.16,1750.47,4747600.99,748562.08,1754.76,42.84,-107.95,42.84,-107.95
"1508101613093745","1508101613113901",8/10/2015 17:48:24,"2",120,1,2,4736020.62,698130.13,1755.14,4736011.03,698151.53,1755.63,42.75,-108.57,42.75,-108.57
"1508101613093745","1508101613115480",8/10/2015 17:48:22,"1",0,1,2,4736027.06,698125.26,1754.54,4736052.41,698124.73,1751.95,42.75,-108.57,42.75,-108.57
"1508101613093745","1508101613117853",8/10/2015 17:48:26,"3",240,1,2,4736020.44,698120.02,1755.28,4736007.79,698100.60,1756.38,42.75,-108.57,42.75,-108.57
"1508110844483416","1508110844494440",8/11/2015 10:44:33,"1",0,1,2,4718070.88,735483.20,2000.58,4718096.57,735483.25,2000.58,42.57,-108.13,42.57,-108.13
"1508110844483416","1508110844494943",8/11/2015 8:45:33,"3",240,1,2,4718064.58,735478.45,2000.58,4718051.63,735457.62,2000.58,42.57,-108.13,42.57,-108.13
"1508110844483416","1508110844499744",8/11/2015 8:45:31,"2",120,1,2,4718065.45,735488.69,2000.58,4718051.72,735508.68,2000.58,42.57,-108.13,42.57,-108.13
"1508111201468019","1508111201474411",8/11/2015 12:02:17,"1",0,1,2,4747866.58,744382.80,1764.84,4747888.25,744382.14,1764.75,42.84,-108.00,42.84,-108.00
"1508111201468019","1508111201476554",8/11/2015 12:02:26,"3",240,1,2,4747854.18,744378.13,1764.70,4747844.96,744356.59,1764.41,42.84,-108.00,42.84,-108.00
"1508111201468019","1508111201478421",8/11/2015 12:02:21,"2",120,1,2,4747856.10,744387.59,1765.18,4747844.33,744408.25,1766.24,42.84,-108.00,42.84,-108.00
"1508111214474446","1508111214498200",8/11/2015 12:15:46,"3",240,1,2,4722989.01,725725.00,2117.08,4722976.05,725703.53,2123.00,42.62,-108.24,42.62,-108.24
"1508111214474446","150811121449831",8/11/2015 12:15:45,"2",120,1,2,4722989.99,725734.11,2115.21,4722983.79,725750.48,2110.74,42.62,-108.24,42.62,-108.24
"1508111214474446","1508111214499518",9/14/2015 16:06:55,"1",0,1,2,4722995.71,725729.11,2116.50,4723020.46,725731.07,2112.13,42.62,-108.24,42.62,-108.24
"1508112034288","1508112034291936",8/11/2015 20:40:41,"3",240,1,2,4747129.34,762807.81,1854.27,4747117.03,762786.16,1854.46,42.83,-107.78,42.83,-107.78
"1508112034288","1508112034294485",8/11/2015 20:40:30,"1",0,1,2,4747137.27,762809.53,1854.24,4747161.64,762806.64,1854.29,42.83,-107.78,42.83,-107.78
"1508112034288","1508112034295501",8/11/2015 20:40:36,"2",120,1,2,4747129.42,762816.25,1854.22,4747118.87,762839.56,1853.94,42.83,-107.78,42.83,-107.78
"1508120848184342","1508120848201183",8/12/2015 8:49:24,"1",0,1,2,4746601.79,704545.16,1712.55,4746627.62,704544.53,1709.74,42.84,-108.49,42.84,-108.49
"1508120848184342","1508120848203599",8/12/2015 8:49:25,"2",120,1,2,4746596.46,704549.30,1712.97,4746587.28,704572.00,1712.70,42.84,-108.49,42.84,-108.49
"1508120848184342","1508120848206350",8/12/2015 8:49:27,"3",240,1,2,4746594.85,704539.95,1713.61,4746583.92,704519.86,1715.61,42.84,-108.49,42.84,-108.49
"1508161603324075","1508161603336487",8/17/2015 15:13:18,"3",240,1,2,4728449.98,686187.34,2173.36,4728437.90,686169.22,2174.86,42.68,-108.72,42.68,-108.72
"1508161603324075","1508161603338249",8/17/2015 15:13:09,"1",0,1,2,4728458.30,686192.96,2170.24,4728479.99,686192.99,2176.46,42.68,-108.72,42.68,-108.72
"1508161603324075","1508161603338262",8/17/2015 15:13:13,"2",120,1,2,4728448.90,686197.75,2168.01,4728437.77,686217.68,2158.91,42.68,-108.72,42.68,-108.72
"150818074725231","1508180747261134",8/18/2015 7:48:17,"1",0,1,2,4692203.56,719618.56,2177.73,4692227.82,719623.61,2178.24,42.35,-108.33,42.35,-108.33
"150818074725231","1508180747268931",8/18/2015 7:48:21,"2",120,1,2,4692197.09,719621.37,2177.53,4692187.02,719644.04,2177.57,42.35,-108.33,42.35,-108.33
"150818074725231","150818074727492",8/18/2015 7:48:24,"3",240,1,2,4692195.56,719612.66,2177.46,4692180.97,719592.25,2177.37,42.35,-108.33,42.35,-108.33
"1508191203444682","1508191203462441",8/19/2015 12:04:38,"1",0,1,2,4691091.41,776186.01,2376.50,4691108.73,776185.44,2374.17,42.32,-107.64,42.32,-107.64
"1508191203444682","1508191203463947",8/19/2015 12:04:43,"2",120,1,2,4691083.26,776191.90,2375.55,4691078.27,776211.41,2374.35,42.32,-107.64,42.32,-107.64
"1508191203444682","1508191203467899",8/19/2015 12:04:46,"3",240,1,2,4691083.62,776182.01,2376.74,4691070.57,776162.74,2378.36,42.32,-107.64,42.32,-107.64
